1380.0,1015.4219270825306,609.2566290160493,1769.2804780475026,1126.7853034185352,left
1410.770428830431,1009.1184710358568,614.1241543163982,1802.6658966358852,1134.5850350872918,left
1446.5845867916569,1003.4011915453113,620.5114010918853,1841.1641127814596,1144.7856220665687,left
1488.0194605337247,998.2435451530079,628.5384503309394,1885.2865671563713,1157.5226379684875,left
1524.8073304921743,993.6377152562964,638.1874332277973,1936.000512402841,1173.109415043064,left
1543.309469875654,989.5598862403706,649.6123263815593,1994.0653785338477,1191.7103921301307,left
1565.3232562952353,986.0017054469382,662.8627287303652,2060.8257838086656,1213.8679570616457,left
1591.1464908633916,982.9599002538475,678.0616615133591,2105.71149310883,1239.688913689155,left
1621.1747301182263,980.4258359928241,695.3054197064932,2126.1585301675855,1269.7680642453768,left
1655.8896550992486,978.4029704451243,714.7875305141743,2150.3685211998773,1304.6411840029227,left
1695.9664683822496,976.8720313273441,736.6284008691073,2178.723299747076,1344.9785373104373,left
1741.9919997013421,975.860572178277,761.161178967389,2211.461341158949,1383.5321955137645,left
1794.8094089969054,975.3732633440225,788.4300609104089,2249.0098492569605,1401.4938048712168,left
1855.6116701684243,975.4403521440545,818.7472431694101,2292.153824087997,1423.0163764395452,left
1925.4853696097011,976.0107096662109,843.4739308146013,2341.2096053584014,1448.1232469369618,left
1557.1407478262906,764.3414534064948,731.2643119518674,1907.0852197281988,1182.787138821831,left
1570.1100582083698,763.2124254197677,724.9788900846349,1952.4284259203162,1206.8812120973082,left
1586.0609828915833,762.3648578182986,720.2800416928209,2004.2233515919509,1235.0171870096888,left
1605.355969266019,761.8460250560514,717.1501953209973,2063.8053876061035,1267.7916097946284,left
1628.1517113846437,761.5266480104253,715.5857620522817,2131.879863283354,1305.7014901856828,left
1654.854927349629,761.5892850274477,715.58483643145,2210.2162231763537,1349.5618380139485,left
1685.7722283699322,761.9458855520857,717.1570361639931,2300.1741370972777,1400.0794640718734,left
1721.5662270846794,762.6507439904999,720.3258384923672,2404.427365981313,1415.956605509064,left
1762.7385883522452,763.709546162476,725.1283374701213,2525.767587960947,1428.583208883068,left
1810.1068307981939,765.2494019207461,731.6149043225313,2667.8748439421565,1444.1772957434912,left
1864.2319205843537,767.1602687594325,739.812130921863,2835.444664840208,1462.8699314624419,left
1926.3894634731005,769.575961178943,749.8225892343123,3035.3206260295133,1485.0291163969696,left
1417.687558675482,603.4026558562475,706.7214827102906,2325.26917046723,1072.2837245725125,left
1470.193112173738,599.5857985519733,704.7192003403163,2525.2178592873233,1089.3142829250003,left
1531.3883302948993,595.8125323728971,704.4364033973566,2775.569201345484,1109.5694928793364,left
1602.9462813219034,592.0750251697175,705.5863569635469,3096.689684278519,1133.4842882347928,left
1687.2149203176627,588.3628695190378,708.4076602020583,8639.427034081365,1161.45039122274,left
1787.0733358425327,584.6656130747242,712.7852994535117,5584.822036738123,1194.1015482753796,left
1905.8496537237243,580.9728138156975,718.8015845488105,5301.129202790427,1231.798912392362,left
2049.3542866993444,577.274094830429,726.5082034460779,5048.341095087715,1275.6988788483875,left
2224.7819060093293,573.5591984799343,735.9825559783286,4822.168800269157,1326.6232731773403,left
2442.237498924613,569.8593813550712,747.2970470614462,4618.725424180982,1385.66776333937,left
2718.0668432985062,566.0867820246883,753.3367820179682,4435.046087335694,1454.6490545629913,left
3076.9606620036507,562.3191005890596,746.1966595646727,4250.212739505755,1535.3750342630542,left
8451.888908119769,558.4502848319282,740.6643248150772,3976.050340585997,1630.4171124875993,left
5074.345016391425,537.3291484645375,695.0663655901394,3606.07756258797,1644.646227116493,left
4816.216602280641,533.8697410518257,692.70736572958,3402.713275829478,1771.8824250696716,left
4585.672253294086,530.344571959599,691.877210740653,3222.5293409565184,1925.879119910062,left
4378.874164033605,526.8640172202677,692.5922293695986,2679.1278222624505,2115.670031397498,left
4192.270172959732,523.3387835495752,694.8630374007554,2275.639605444485,2353.5517922648946,left
4023.4166662320868,519.807190905017,698.7118581535728,1977.8104697200697,2658.606801553048,left
3847.6734793267406,516.2244503725545,704.1896016554251,1748.5260048067537,8099.107173283701,left
3217.943922400413,485.96302181352917,738.6429699362307,1484.4800829053281,4521.683548401754,right
3402.286741523443,487.3436472455551,733.4306577039723,1650.6410298704436,4743.793102801596,right
3535.1154130480104,490.0505420893208,728.4680694317501,1864.650538674854,7715.412285533388,right
3645.2475713123936,494.09720654714056,723.7434914865942,2148.4920740487714,7772.117653540241,right
3769.3560173555534,499.5162539247656,719.2442141297353,2540.2465255915763,2197.0783138873903,right
3909.608244987871,506.403727870353,714.956603243541,2742.1493339321846,1990.078962730572,right
4068.27774743165,514.7667207977893,710.8626848409183,2873.1986877099366,1818.12635066565,right
4248.4146670489035,524.6613096553052,706.9576685008453,3023.591698514134,1672.902914646155,right
4454.25912224079,536.2628226669547,703.2256014679567,3197.70614213177,1548.0486409911036,right
7278.1113689204985,618.407148025724,636.608822440456,3171.923120020561,1310.056857554363,left
4169.492643707976,613.7704228908672,631.2873794638823,3055.761934271837,1389.646585732863,left
3939.1251078832734,609.3096901991834,627.4301067088563,2877.3280956797594,1484.581968043467,left
3734.3204595663296,604.9717447000531,625.0260341461002,2712.6891641248103,1598.5679738932008,left
3551.0336886823557,600.7157796605657,624.0728312839857,2566.3916159716964,1737.263020129118,left
2746.384188361971,642.5798637576113,579.692111733999,2033.0365574206714,6685.21936828145,left
2621.9013520995754,638.1319635317811,581.474590052021,1932.9365840911075,6592.674377531035,left
2508.803609788892,633.8177653881727,584.6967484060111,1842.1719537132547,3548.006284254156,left
2405.582242303063,629.6092636556257,589.3909933555005,1759.609445645407,3320.002338150759,left
1491.1921844961225,567.9982631646577,654.5337391165036,1100.107012336006,2012.5383427089262,right
1518.7988428565316,569.7319465915464,649.9997550352166,1125.8744078885766,2096.0949801023226,right
1550.8741744530837,572.8919685364197,645.6123213837791,1156.0604353189506,2193.3197300213383,right
1587.9534679819835,577.5109646889824,641.3576315618185,1191.102239884519,2306.8991700591478,right
1630.8116697147627,583.6297263163469,637.2108050737531,1231.8548734802823,2440.613857400397,right
1680.0495497708491,591.2968311119516,633.1742857697126,1279.1879238328656,2599.3905517448493,right
1736.845080926495,600.5682052032998,629.2291701140646,1326.4270162181137,5704.209361054419,right
1802.324438540943,611.506622392541,625.3701175372912,1349.4796110705915,5265.784415565004,right
1878.1275470722294,624.2560527762652,621.5914684273843,1376.4639240739439,4892.645265791506,right
1645.9627777076957,653.5269201718289,750.4914071783094,1178.4604131846695,4412.039794430713,right
1728.7346374763365,649.2794110073412,741.3127073045596,1206.5397024935594,4142.22488389535,right
1825.8779542312923,646.5173132528547,732.7942531475983,1238.8273697393563,3905.936688604575,right
1941.5221556582435,645.1464955984438,724.7373248891704,1276.6026645497072,3696.8142859960767,right
2080.0685735429315,645.3390193651397,717.2031617998733,1320.1417616591673,3510.8854080786045,right
5174.907332588374,646.9443151440179,710.0880725571867,1370.4987023729882,3344.569425079699,right
4781.360885590251,650.0587471155436,703.3710992171812,1428.8987105691238,3194.9125149103843,right
4444.561117523293,654.809605743543,696.9648255800893,1496.8592786422,3059.5556167905615,right
4153.214355735547,661.1350433632877,690.9169907612271,1576.0789572078797,2936.763456297592,right
3698.829352391138,688.7066456062794,734.0205349335424,1573.0179490237642,2680.05224975286,right
3485.2333512195255,698.4750515437302,727.8209983797404,1675.9077832450844,2582.341846726119,right
3295.6419287232047,710.1993846603596,721.9728132194136,1798.7144909941267,2492.6002984264373,right
3126.3546589647394,723.7024424490254,716.3636316110731,4926.090329584823,2410.0776047020895,right
2974.453758003329,730.1718592545417,711.0271777520682,4524.119753237972,2334.057415490202,right
2837.3804225390286,731.8162198387338,705.9451954884001,4181.994752057131,2263.8095210497427,right
2713.1455645946417,735.0661994737677,701.0712553301108,3887.509007550184,2198.714223508578,right
2600.0046026705704,739.9439316056191,696.4215086641582,3631.3859874233176,2138.3994742755926,right
2496.719957272496,746.5485632831496,691.9745075334116,3406.728739863306,2082.41255449261,right
1502.1140959414518,836.0780528557653,608.940741447159,2006.1609410597157,1269.6186783121768,left
1528.3739542230783,829.9005590451554,610.1287977000424,2085.423083916217,1274.7233173111513,left
1558.917200322398,824.1148468428441,612.76699590947,2177.2946017104255,1282.1643531266966,left
1594.2906909037074,818.7259273678102,616.9066970795025,2284.430666520101,1292.0909077423573,left
1635.1474985142127,813.665994719242,622.6007014953055,2410.023518053593,1304.6103038322808,left
1682.175623026219,808.9295660356288,629.8418828824796,2558.6253817354955,1320.0014129582812,left
1736.3270578494441,804.5099311072006,638.6806192588487,2735.842363705161,1338.4550700498057,left
1798.5989725732807,800.401644511641,649.3180447407815,2950.0265020080774,1360.3579551380308,left
1350.5202970213809,697.3490998048042,767.9623585940373,2319.69061918029,1000.6966048139168,left
1405.341450404018,693.6965465551492,783.8022300338004,2547.1188997153895,1018.2094326726608,left
1469.358563635369,690.1970729418231,781.7965205644664,2838.631134152992,1039.0010181553992,left
1544.882471621061,686.839407095821,762.6130758572745,3224.1894886351674,1063.4443819954934,left
1634.4038092896224,683.6339294328875,745.3868688557488,3332.6129951576554,1092.0815981083313,left
1741.6692177213772,680.5560684100625,730.0389267486652,3293.649750600436,1125.6420376773654,left
1870.9990232686596,677.5932004275068,716.5374013485725,3258.861114379442,1164.5784441914745,left
2029.0594317541882,674.7689866540974,704.7423538150305,3228.0569760811295,1209.91853294992,left
2225.708647133475,672.0844525677885,694.6173407810687,3201.141241873376,1262.8253262537662,left
2475.4262133270786,669.4480195192,686.0879996000847,3178.0135723357744,1324.7658201533482,left
2800.507367338627,666.9839157709503,679.150276021622,3158.6031100497935,1397.436248494099,left
3208.6800832363583,664.6504990359731,673.7488685646963,3142.8654691034562,1483.0287202092236,left
3166.963731046415,662.3872296902637,669.864531244075,3130.7829759986157,1585.0654870635478,left
2889.5053692549486,595.4599285164308,634.064560035742,2882.8804019949466,1621.8141202619142,left
2857.15860831506,591.3215261715943,633.1338936487014,2876.9167805596426,1762.4574248064744,left
2828.441244281617,587.2459567895929,633.6563175581153,2874.371938808942,1935.6136406862072,left
2803.270453303032,583.2494966354169,635.6814433602029,2875.2594381048652,2153.043897985662,left
2781.5640647635296,579.2996919077258,639.2010875669168,2879.6834798747745,2432.140343946703,left
2763.2584977274887,575.4053200254804,644.2778069038167,2887.7597357564346,2801.477588252001,left
2748.319593085325,571.5401894013783,650.9368041714571,2899.597267632089,2792.9336008795844,left
2276.732317091703,519.4969969459461,709.2268402963139,2425.37046157338,2292.4692797078137,right
2249.783904880481,519.6871654220495,704.0651096295129,2373.643169568257,2286.2918290622993,right
2225.6736038243807,521.2133710518314,699.145403502052,2325.949058034472,2282.8087115655235,right
2204.315360336894,524.1075237765965,694.4110694591353,2282.0751196799233,2282.0522088182397,right
2185.6582671035485,528.3824412416284,689.8737535062007,2241.7956921281857,2284.1162896724068,right
2169.655498999852,534.0940851546021,685.5200599897198,2204.8910518179623,2094.159084399742,right
2156.295900650869,541.2925161375326,681.3288458004142,2171.228807083661,1896.6503055302894,right
1805.5587183177727,599.7689748850346,629.9536308156078,1801.4159281328352,1611.2754590222453,left
1777.8322623025226,595.6016978456819,629.0128860659441,1790.1355606108395,1750.9913001282532,left
1752.4123293248497,591.498751549,629.5372289083376,1780.8691489598993,1848.8603038037681,left
1729.2144788975825,587.4349246765976,631.5275482702571,1773.6257716604446,1807.132549122019,left
1708.159784296652,583.4678600449481,635.0314343071352,1768.4207404073834,1768.4135156330867,left
1689.203207703881,579.5580245733988,640.0698123177303,1765.304586802332,1732.5865590801834,left
1672.299020357013,575.679286411322,646.7061344831934,1764.3467795177628,1699.4461552403895,left
1657.4080170544303,571.8261239316323,654.9421482270077,1765.5991056197154,1668.8768719593459,left
1644.5394337400949,567.992889999657,664.9143107767544,1769.1957822064476,1640.754274262535,left
1173.6464547833004,4840.095681249992,761.6441857481354,1275.3155160645533,1160.2307548146305,left
1161.6427924367224,1825.250928573278,776.4008426092969,1275.2874202380199,1137.8142802733587,left
1151.0239495405763,1192.7010892485307,793.3208622157099,1276.9626883677115,1117.018537250447,left
1141.8422998210046,979.6503242323552,812.4258368630333,1280.5071355499067,1097.7907389830616,left
1134.12368649773,872.2947677626024,834.0433520107288,1286.1145679978736,1080.0810404097606,left
1127.7992132109873,860.6307309091336,858.2139823605019,1293.7752539390542,1063.851526681004,left
1123.0305702370624,849.8534670678882,885.2185396877622,1303.81896288205,1049.086824728582,left
1119.83532719085,839.8915967502282,915.371778503872,1316.3686029537312,1035.7471793848204,left
1118.1807744248058,830.5597849531414,948.8429081123837,1331.6107182493438,1023.8311999213794,left
1118.24998185751,821.8315592105544,986.0413293891932,1350.0800922012215,1013.3374720737448,left
1120.068587433616,813.7370031743874,1027.4123823883438,1371.8012673595035,1004.2472672483034,left
1123.8664253117881,806.0641107117594,1073.298978669249,1397.5015725543808,996.6245190665842,left
1129.6326470002423,798.8552532939975,1124.3280655151134,1427.445243319347,990.4703685150587,left
1137.5703624637688,792.0863005881721,1181.312744123404,1462.434154599073,985.8162132445532,left
1147.9681540089505,785.6896056670753,1217.2024152574247,1503.0818452233534,982.7008052014146,left
1160.7612136166895,779.6510920340222,1160.7935179092826,1550.2648384959139,981.1275176191549,left
1176.5864494078544,773.9868795630201,1109.6393066053217,1605.4806055525714,981.320500671727,left
1195.534803636447,768.6113145621476,1062.9914873874152,1669.7879549593474,983.2684017448482,left
1218.0393642686324,763.5423864929475,1020.5666874213887,1745.2238828869586,987.0942045542483,left
1244.4884753873166,758.7601687869642,981.8685470531557,1834.2581911796287,992.9366683167701,left
1275.5157135606596,754.2188631659942,946.6999413468058,1940.0719984245138,1000.8914809981266,left
1311.63453407692,749.9479760680434,914.6219552077368,2066.670476805931,1011.115916650473,left
1353.8571618931294,745.9021065274602,885.3837985485277,2220.578118209051,1023.9674541891588,left
1403.08577716116,742.0842732964478,858.838842955675,2409.906530787984,1039.5828613638598,left
1460.6752786158527,738.4843249074654,834.7648722229552,2647.321799563367,1058.367618198626,left
1528.0350007511436,735.0913240173294,813.0346025774223,2951.907587376024,1080.4791938207002,left
1607.3193156175464,731.9108398431397,793.4610011679825,3354.4472167718227,1106.4320625451157,left
1501.4748101377984,669.7195926863419,684.6789904860533,3277.3317435235754,1003.2896791082891,left
1598.0433305035037,663.3790334864598,669.9528427455223,3335.2378503450636,1032.866297466538,left
1715.1254583517082,657.3821013817904,656.9006033344285,3400.7779401469543,1067.6236389891878,left
1858.7130147087043,653.6651310263042,645.5083229339305,3474.7426391325457,1108.3524918650753,left
2037.1128786898496,650.7453263160413,635.7138907464348,3557.779599058843,1155.7887899402162,left
2263.7805305033935,647.9350765169152,627.4522020044254,3651.23318553915,1211.5382799912898,left
2559.4930986420427,645.1846680617405,620.6868996138379,3756.344706242369,1277.1935294508437,left
2957.9513927900944,642.4809533284657,615.3898816681414,3874.518779892398,1354.6631126557324,left
3144.8966526302816,639.8705625590018,611.5415230051245,4007.7594343725414,1446.9917648453602,left
3205.7060232341664,637.3537252870029,609.1308241102463,4158.509589383659,1558.0551415224745,left
3274.3541722373884,634.9303384542261,608.1485033046847,4329.215345417735,1692.949423114759,left
3351.727565489401,632.5999662381386,608.6009902034441,4523.6910957549135,1859.1515930781281,left
3438.770884307012,630.2847937035091,610.5172601181689,4745.9209511873705,2067.9270841699695,left
1396.6773701340762,1236.9152613463875,613.8964955770889,1975.1829538307823,1140.3421882910645,left
1428.059107569526,1201.5166060479592,618.8017723739758,2074.6594031003215,1148.4310593302744,left
1464.610637355741,1169.9463880843948,625.2589208001428,2191.8649022610452,1159.0164848779636,left
1506.806249890775,1141.424216973621,633.3152791005705,2331.413907415112,1172.0787887684578,left
1555.5761907273609,1115.6383472729735,643.0253531637787,2498.97006169646,1188.005066719506,left
1612.1280134644937,1092.2855145466149,654.4845243491204,2703.645452717005,1207.1403129369535,left
1677.9634483648592,1070.8811487823582,667.8072881641972,2957.3274001031814,1229.6694654565163,left
1754.284459650287,1051.4485240140598,683.0448287327008,3034.195599288414,1256.0685777316114,left
1843.6704873329786,1033.5393506724936,700.3713380623249,3073.544973391897,1286.7485315016881,left
1948.8064352916485,1017.0963797086068,719.9895160732374,3118.636031573672,1322.2429083189813,left
2073.349336870146,1001.9726385015234,741.9286063268221,3417.324382754098,1363.2197052389895,left
2222.618186507837,987.9522658953864,766.5122448848307,4207.903580012897,1410.602331200606,left
2403.5297810682123,974.9912941055067,793.943230120217,5352.813683201743,1465.3629408488152,left
2625.4306307176676,962.9713518748855,824.3743773206826,5488.0818963921265,1528.6290518972032,left
2858.925264755959,951.8501491831603,855.3414331083046,5639.259507204764,1602.0457780369957,left
2894.7831915456522,941.4610736610165,847.020537614053,5808.13192525868,1687.5689280999893,left
2936.1323480286665,931.8348309966115,840.444528879342,5997.075390439919,1787.7195477673204,left
2983.4583386492413,922.8790080169815,835.6002850547803,6208.89325443604,1905.8602586102486,left
3512.721115989846,914.5621387986039,832.4707623975182,6446.990044157709,2046.4867795947018,left
4008.7329291022734,967.967069878043,772.4664035040189,6086.922086974035,2059.2370747496784,left
4762.0712801700265,960.1315057281322,772.6142489250535,3711.686302084509,2250.4947468377777,left
4888.790089516379,952.8571349914988,774.3787653103298,3105.105811724955,2281.738921947139,left
5030.516668070123,946.1595101781598,777.8417743544912,2670.0388462297683,2308.0560556077007,left
5189.3003882752055,940.0103639289546,782.9876766274293,2421.362603866738,2338.8354862507035,left
3287.234915600548,707.0605124716445,707.0623024071888,1733.5226556055927,2622.6931072414823,right
3146.470000482127,670.9467166069921,706.5151546263078,1942.2119279412268,2463.7019160097016,right
3018.4782903766472,637.9302745466701,706.198471210587,4215.8593695839945,2161.0731480959334,right
2901.8242266522607,607.8927063783873,706.1742556678673,3959.480122278128,1924.431983134257,right
2795.014844253147,580.3991466282372,706.3857391678696,3732.8784881038737,1733.3053245267256,right
2057.156637332285,647.187304813355,513.1613602782404,2693.6978569395883,1368.1335753809358,left
2096.068992247877,642.5519508390944,512.6666354295587,2799.4637162542217,1493.1023702223779,left
2140.7657881347586,638.0510589652902,513.5005860233924,2921.012829036973,1649.3362684816148,left
2191.5688880326657,633.6774216467936,515.6672617500788,3060.8921936524534,1802.4930942507783,left
2249.433270965807,629.4453570297692,519.2197592433147,3223.1166375604084,1822.97169018757,left
1335.2338840196626,573.6295847204609,576.759804472026,1968.0563997485224,1065.2949072163485,left
1370.0348161349525,569.7984709179996,583.6558571661304,2083.7579286608625,1075.0370878128158,left
1410.3517066709799,565.9608464831413,592.0276897460379,2222.2345619087087,1087.201700346656,left
1457.207791975875,562.1436141627065,602.1417868796643,2390.0525322612007,1102.1476038925664,left
1511.6793262601934,558.3243055913429,613.9141523319214,2596.391108860917,1120.0777673722728,left
1575.1380700172213,554.5001484343079,627.5294768800278,2854.921498502976,1141.3370497342178,left
1649.4391213476206,550.6511989692692,643.0999543649548,3186.4248893811537,1166.3644967160687,left
1736.77078133736,546.8043547492389,660.6185585782246,3624.7741208648567,1195.5552961540106,left
1840.0161702116852,542.8906180858186,680.4629062572382,4227.269196385474,1229.4705229000758,left
1963.2361305507789,538.9519846646592,702.7227703815445,4846.599997498314,1268.855286215596,left
2111.5317538884456,534.929912237878,727.4758370447951,4952.406227367549,1314.334411807993,left
2292.5623300587386,530.8740577668855,755.1927985036311,5070.789383076305,1367.0387373336116,left
2517.29833191027,526.7072432233226,785.5895403997195,5203.007048697727,1428.3213305554782,left
2802.3091133362864,522.4529899431315,776.6836256584365,5350.8649141588885,1499.762833459653,left
3172.9891987178853,518.1034638980552,769.4671650855109,5484.178374523757,1583.3481611447824,left
2971.920669486974,627.8147248910152,618.275888917048,4788.139471156544,1361.0227354681194,left
3538.1389434838024,623.1387151795043,614.4246967400516,4865.397541434672,1453.8008255977081,left
4001.523153789333,618.638893685614,612.0146309582288,4952.379342451088,1565.2280439660767,left
4092.2024004140676,614.2375960691548,611.0364102534187,5049.96802417535,1701.0484839622225,left
4193.943010750447,609.9799845893891,611.5068884000805,5159.128492917223,1868.0974071470448,left
4307.867165260722,605.7796031536035,613.4375846022642,2633.9610992612047,2077.824834657335,left
4435.545891378005,601.6946097935851,616.8345903722064,2289.260787094973,2347.212943244213,left
3978.8489553058844,576.5137246562721,643.1506887911366,1952.646818735156,2796.599599748211,right
3817.523578425973,579.7219087048469,638.7995407922778,4543.238219933206,2430.6452576353527,right
3670.9713965621286,584.3805715017807,634.5756872132961,4483.33679473482,2149.3485681016964,right
3537.3048284258093,590.5442844533411,630.4541348489618,4357.846807630025,1925.8120219865423,right
3415.2055614873257,598.2614616116483,626.4372342858334,4223.391705283805,1743.7182840831838,right
2863.335481132922,672.0016907626762,561.2332472871087,3599.70416057042,1435.4861037295088,left
2922.4918769093,667.0439805210683,560.1662408052384,3664.290202696375,1559.2511230448204,left
2989.4093547938614,662.2689051431121,560.481092474873,3737.0943470268194,1712.1066162562113,left
3064.809868619191,657.6643947475009,562.1794535435172,3819.0221875799534,1904.140460197825,left
1549.9411959178437,1048.0231003596969,565.3099909097019,1998.2323096031755,1265.5528902750073,left
1587.0204135565334,1021.4339188382456,569.8533995716151,2039.1555129099481,1276.2660337017485,left
1629.7729431325567,997.665820869169,575.9027891990295,2085.941165160751,1289.7004253566088,left
1679.0098474974038,976.187163261146,583.4896181333062,2139.285480504925,1306.0877734970634,left
1732.878222912403,956.7080372980025,592.7010061730178,2200.2254489572692,1325.5903096452726,left
1756.6817044561717,938.9516558964192,603.5415410980266,2269.729949461882,1348.6426955523482,left
1784.536667782903,922.7537649283205,616.1831157118709,2328.076454597392,1375.5331894733417,left
1816.6941113876967,907.8615622580487,630.6794006275409,2349.468473863264,1406.7554240256438,left
1853.8460959478014,894.0431576415335,647.1634620625879,2374.965553505168,1442.8368652185227,left
1896.3928801459792,881.3454869499169,665.7377156210213,2404.635660086627,1484.22812634955,left
1945.2184912760877,869.6312180680808,686.707225659605,2438.973143728759,1531.9309505399729,left
2000.9807947022123,858.6959878842601,710.0556989553891,2478.4700537164726,1586.7910003369589,left
2064.6009806471748,848.5090987799599,736.1782383250983,2523.47076721785,1612.2334866659573,left
1697.5383343907738,1002.8732841040477,830.163730007527,2050.6446643970635,1301.7690036086012,left
1732.7878970555364,990.95395091568,820.2253516801243,2091.934200468745,1323.3906023676855,left
1746.6807411623222,979.8844204322914,812.025068838082,2139.221617277732,1348.8097611734825,left
1763.665482531874,969.684567138516,805.5410539309796,2193.0515726396848,1378.3190135507639,left
1784.137316994629,960.1998863118929,800.7426101317556,2254.507448014604,1412.573310187631,left
1808.3097354975957,951.4008411528062,797.6125272709053,2324.584804112597,1451.9700967591498,left
1836.523454305313,943.213301990043,796.1472193008344,2404.7164821584583,1497.3310262085724,left
1869.207193366765,935.6156562781529,796.3444172459562,2496.485225829304,1549.573924511258,left
1906.7532951474047,928.5836828602345,798.21301645767,2601.700936309927,1590.3176320331047,left
1949.847555099136,922.0906962887342,801.7754165861696,2723.2584143216104,1603.675177777327,left
1999.0828286561846,916.0634409430791,807.0942504936968,2864.434351195966,1620.101745561076,left
2055.373294025203,910.5345360149663,814.2007830822773,3029.412645665776,1639.8805540616268,left
2119.6874439807875,905.4462635296536,823.082724114098,3223.9496107967784,1663.2687214692683,left
1773.0377117318053,849.5397313783462,846.2584745624076,2793.6653573032113,1366.8184638164744,left
1837.066420978316,845.3793256570034,842.8000189833336,3013.1347908655243,1389.461304620556,left
1911.0366418891563,841.5626304818556,841.0580515956634,3282.2542213627075,1415.9412547693937,left
1996.5565775422497,838.0868922404921,840.9882642510432,3618.688033295407,1446.6360760385674,left
2096.062847039465,834.9308636704163,842.6526904695361,3978.288513860714,1482.1539808134864,left
2212.4368288140304,832.1189474355763,845.9658134645836,4040.1070573720144,1523.0002530352554,left
2349.367384678414,829.6226014811783,851.1609527655525,4109.9065764678235,1569.848827650211,left
2512.1984631145133,827.4269920072094,858.2365302355281,4188.583565752366,1623.6370282605506,left
2327.445456630721,858.5410274971697,891.3962087764038,3832.9244154657767,1448.7959273967513,left
2529.297185687049,848.5951813276829,878.4194957175151,3919.1739733628215,1508.2161165322332,left
2779.473135507388,839.3486786131245,867.3273961530824,4015.9441251609173,1577.0457983356278,left
3096.1444773468206,830.6742593457218,858.0804509201984,4124.542529971715,1656.970581239707,left
3441.332872363421,822.5883668821267,850.6111850156941,4184.544531742435,1750.1692285446452,left
3497.261099294008,814.9794129762367,844.8975595585514,4242.558627673926,1859.9588793162845,left
3560.547102772747,807.827360094315,840.9110262243827,4308.44284169447,1989.7739276133004,left
3631.997550091894,801.10995690352,838.6410924746199,4382.805747293523,2144.967816541706,left
3232.4884726494797,846.9274858597428,787.784432201001,3914.0781796606034,2192.931618954253,left
3308.589421300651,840.4974269618891,788.797726437132,3993.412272282105,2409.6974315027323,left
3394.212106511634,834.4750282078157,791.4856126813877,4030.146528948872,2680.87277352088,left
3490.6439582937833,828.8250300147598,795.8687936707695,4044.6609646678075,2850.0627673887857,left
3543.1172651839424,823.5382345151544,801.996240743173,4064.4536076419577,2894.431638090178,left
1233.9619881178028,827.838081317939,979.5793245242561,1517.6423140732131,1077.3516180181794,left
1240.6635507047188,813.2971173079684,990.9718765034717,1549.7148871296124,1088.4649835540158,left
1249.820502803922,800.0225322273732,974.8469850225574,1586.8105860629316,1092.1937569606273,left
1261.3132894251717,787.8643969321754,945.7345259977453,1603.4957875961445,1089.30656268222,left
1275.670859935919,776.6791367705015,919.2471465386103,1609.0778382800595,1088.1923405434918,left
1292.9914720208021,766.2382329823698,895.3489053629631,1617.0435202266194,1088.859227325609,left
1313.6460471972575,756.6045346875712,873.8352835133094,1627.539599215311,1091.432255799107,left
1338.0343468280862,747.6508081076347,854.4449402586804,1640.7253423391512,1095.9493726053763,left
1366.580707146832,739.1799291273151,837.2017065013193,1656.9429770290221,1102.7509907624283,left
1399.767011548893,731.3316619586092,821.8914166222288,1676.2768687556002,1111.7027727665152,left
1438.286096704131,723.9912160411809,808.5301800459138,1699.0471205303786,1123.06820537885,left
1449.1599716057624,716.9201958725556,796.9770113215345,1725.7969383371492,1137.2646543479957,left
1455.0867280643954,710.3149472125125,787.1936155917728,1756.714096584069,1154.2858313643965,left
1463.5475074013484,704.0184930249018,779.1101701346263,1792.468493087048,1174.5909516858258,left
1474.5561577005865,698.0731924137227,772.7044274811356,1833.5641047782556,1198.37912403154,left
1488.381983051716,692.4002281036428,767.9454017252816,1880.748984475961,1226.324058226483,left
1225.2100884474714,733.301288547339,721.0071283799264,1575.057047318418,1061.769180853472,left
1237.8929452331604,727.5586655008785,719.4479363529985,1620.9051521451286,1059.7394938715518,left
1253.3919191389389,722.1034527403834,719.4450859824974,1673.9956562304264,1059.3866542523106,left
1272.0401304026361,716.9178240291624,710.6431888744338,1735.5959121278502,1060.9399174895807,left
1294.126604030867,711.9827052580856,699.2518935531409,1807.4505431098871,1064.3438865767744,left
1320.095928968346,707.2557449677295,689.5948439004203,1891.4605989195045,1069.8192340343714,left
1350.4203072215564,702.7475838279286,681.5832627381633,1990.3841845856173,1077.4623541913327,left
1385.824306302272,698.411400080348,675.1335116881685,2107.792682956062,1087.4285905092836,left
1426.8397224610715,694.2611722113394,670.1209750337971,2248.2792016771095,1099.9453948595979,left
1294.4938216608475,662.1288187604684,637.1097961018118,2123.183295701148,979.0910528618822,left
1340.690669728914,658.3138418143664,635.1279131351774,2302.736835600559,993.3564072072061,left
1394.755983079045,654.6115494205546,634.6140033733509,2527.9763370305445,1010.6004055852168,left
1458.1700723247063,651.0113839704785,635.6562856706325,2816.9864011334594,1031.1120128540526,left
1533.0801554727282,647.502441857593,638.0592759711193,3199.437363810132,1055.338404797669,left
1621.8892306946052,644.1177419235585,642.0560797822769,5689.8924510438155,1083.6787717553248,left
1727.885017748622,640.7940819724932,647.5538274087601,5400.985496908719,1116.7788541192053,left
1856.1076873677243,637.5369632831631,654.6324776915378,5143.791352471353,1155.3990737490599,left
2013.047725160263,634.334523995418,663.4662791816344,4913.442075715271,1200.4173558798634,left
2207.9967968678798,631.2574757810594,673.972023373756,4706.477108298348,1252.746302311572,left
2295.420218592298,631.1814665127304,636.1870229237413,4407.870896573174,1228.4627400300476,left
2595.4809457313127,626.2661688176485,629.3967277122797,4242.340182263028,1295.1582831528024,left
8305.52456495196,621.5513005725811,624.0849945509699,4057.4939983416693,1373.8650796800075,left
5281.474887645813,616.9816911215795,620.2322541579938,3813.6458920286304,1467.5425451897859,left
5013.733055362774,612.5451976194769,617.8275248969458,3599.24722862549,1580.1580457775426,left
4774.493080626971,608.2013703619888,616.8615024160214,3409.2159242823045,1717.277392626711,left
4559.894250572169,603.9709714538648,617.3405618584992,3071.1207154332665,1885.924123458751,left
4366.4592493002065,599.8399396136697,619.2935829989505,2608.153370196212,2097.64879302649,left
4191.400093108558,595.7936800722946,622.7196126793098,2266.8494451717534,2369.632402184802,left
4032.468949077824,591.8032108403766,627.6815539273891,2004.301675807817,2729.460794238987,left
3811.45028360884,587.8530262526398,634.1808386878317,1795.6053035891384,5246.960677646544,left
3581.080353655485,583.969181702819,642.3095732747423,1625.6352087919947,4965.416774609843,left
3017.436903608339,529.9873213678812,704.8202877600573,1355.6259584401757,4247.639472841475,right
3160.493170706397,528.8622124608595,699.5134182281764,1472.1585572998374,4422.525257269416,right
3325.3284624021353,529.0805080331334,694.4543306749867,1616.2743546503284,4621.751003434507,right
3513.7780016564807,530.6581383104772,689.6010963509771,1797.37005231312,7706.247417735936,right
3614.239155981714,533.6024850188761,684.924377904324,2030.4162350980266,7752.917578547335,right
3727.3232708394553,537.9158595485593,680.4356177942985,2339.101523654808,2304.5594980533447,right
3534.692370272517,566.7251918900378,653.678894099183,2515.5978371456267,1996.7726023887572,left
3380.2521606267196,562.8870557542934,655.7904674535729,2394.7670573581872,7434.4370212758795,left
3240.1917457704703,559.0899534549253,659.4204381170946,2127.3774596383946,7339.699619342009,left
3112.798829139384,555.3040016012413,664.6309682940216,1880.7877952996614,4296.012871602346,left
2943.2217013980107,551.5129514216412,671.4225812660666,1684.7410387779462,4044.1622315768964,left
2760.590370318377,547.7422669653372,679.9138716012569,1524.639373252896,3820.8988266302704,left
2338.9529732622095,507.75091913528934,728.1859245946413,1298.6333591523758,3284.6652970278524,right
2445.4859123114766,506.5833598819738,722.6443809942905,1410.2509520115213,3414.1397333492396,right
2568.601052782842,506.7411008778706,717.3519230527869,1548.0708690484362,3561.6915416890333,right
2703.3014344725734,508.1950387013105,712.2983722702814,1721.3670713003353,3730.896824715436,right
2775.95761591461,511.008680476852,707.4725053236175,1940.7744218063974,3925.8430095017566,right
1558.1107539309198,561.5984401305583,657.056376354695,1159.8914238681514,2263.464543022866,right
1599.7064487078128,567.5811614604211,652.851575948325,1199.242980039076,2394.026528214706,right
1647.6420090058116,575.0911428981517,648.7727382151618,1245.0554403635251,2549.340709741367,right
1702.98721325618,584.1848833310635,644.7976225305366,1298.2886964552506,5744.141566538769,right
1766.8644224444797,594.9600023272309,640.9314631738212,1322.9497262698999,5302.42801737305,right
1840.6735015977265,607.4211196461521,637.1616446705862,1349.005626571636,4926.952820108456,right
1926.5901621888781,621.8372719396399,633.4752056509024,1379.3595667206196,4603.763109781548,right
2026.6344563790901,638.1953930702282,629.8658654053273,1414.4404545529367,4322.860744289448,right
2144.260200033546,656.6358049615149,626.3409961398812,1454.797190344189,4076.479969361571,right
2283.425471756331,677.3640783306529,622.8694575967774,1501.2186256713317,3858.9840623588357,right
2449.7535368701156,695.343273918781,619.4547531289005,1554.7585633553958,3665.3676361243674,right
5063.445106198482,681.743707334598,683.6950934638331,1408.9322391421638,3272.5823201477533,right
4678.056533140718,685.1337727021145,677.5434381503841,1469.4182859866073,3125.8366580597108,right
4348.0289921269305,690.0654412978304,671.6006703385925,1539.5148820111212,2993.081750289641,right
4062.630204549977,696.679302649424,665.9856824487179,1621.2801988636054,2872.7352463145376,right
3813.2181740648143,704.9230985942762,660.6145212524705,1717.2261445479176,2762.938580929142,right
3593.5855968968863,714.8861795610936,655.4197834347494,1830.3278508372423,2662.621640076457,right
3398.8347273694553,726.7505239615224,650.4434769471939,1964.8007451266508,2570.6958508471394,right
2684.9147602191942,731.9433789223849,714.5167760008544,4230.539766342294,2069.7958802617804,right
2551.6674004563,731.9803507698106,709.1782281911815,3881.014429573352,2002.2983109763368,right
2431.199634049764,733.6270417130047,704.1282287306497,3583.386037287048,1939.766934626935,right
2321.8148338854803,736.8771287549557,699.2518686432778,3326.7851636765567,1881.6145935319512,right
2222.182841433601,741.7797490701221,694.6019317732985,3103.6640644855806,1827.6514484784855,right
990.9717047040937,874.7000169616182,630.0429784124291,1352.2124516701786,826.5532453126481,left
1003.7802158711578,854.6120005769204,632.7773232155671,1402.0156908423428,825.5912246599354,left
1019.4950707516243,836.7050803619076,637.0645106314146,1460.7348533589586,826.1662039940818,left
1038.410701579186,820.5881151800231,642.8759557644263,1530.4292883417158,828.4560897897079,left
1060.9084278571854,805.967504489875,650.3215669975677,1613.4979755627446,832.4944416562844,left
1087.6218114813623,792.7142588788662,659.3969696922265,1713.7811396868594,838.4869876895323,left
1119.221138544324,780.6225629293651,670.2103978345936,1835.7899059395418,846.5380078512304,left
1156.488915589944,776.8082121728991,682.8498613902606,1986.3982498011965,856.8835406236736,left
1200.4064828801754,773.2484000669338,686.0304620843328,2175.683922380264,869.7798558261558,left
1252.163018350975,769.9443664909913,666.2704629500108,2419.028496734056,885.4299815645862,left
1313.6025985992453,766.8816523807442,648.4233921300921,2741.507226438568,904.2612202806895,left
1386.7265859652011,764.0695549397894,632.428082313447,3185.9085157987734,926.5806523880793,left
1474.6841172519999,761.4820659252628,618.1426703796706,3297.4881453002727,953.0917072176476,left
1581.0887620738658,759.1365856691164,605.5415322127965,3262.6716992045012,984.1459303166091,left
1711.7915080023067,757.0323900516382,594.4916436596911,3231.857679026257,1020.7482797894831,left
1674.6833726476812,773.0183488267637,522.5529516813197,3014.460223020992,950.197565607134,left
1857.5479284196979,765.5229525117635,514.7810211881738,2991.5580298213486,994.0751097866494,left
2096.166242598634,758.4510018420144,508.36508803984947,2972.1500759507053,1045.9582939270408,left
2419.2945326379836,751.781095770006,503.27227759126094,2956.186737841483,1107.973882556676,left
2876.5370246013076,745.4897720960564,499.4926767382054,2943.6441992337627,1181.9662576251822,left
2941.252138134427,739.4898196679567,497.01153926175317,2934.5018791586926,1271.2847680139164,left
2908.6742663647196,733.8292092709869,495.83031328360653,2928.803306285799,1380.213442165572,left
2879.8088705351793,728.4066957731721,495.93523401623224,2926.553121278871,1514.9302895981575,left
2854.5423426507914,723.2850681655783,497.36353993020595,2927.833171563605,1684.5150266973892,left
2832.8033127949566,718.3982184151569,500.1161939572046,2932.7149303443525,1902.8498547674603,left
2814.5283152998645,713.7202310462419,504.23776485285515,2941.3416277110873,2192.513018050047,left
2799.6830770968436,709.259025580128,509.7466721003488,2953.797818854771,2592.0929275556705,left
1328.24176924574,894.2570077678606,675.4830898737424,1414.95436981581,1337.4377941535615,left
1313.9577577233317,877.828099886374,685.6583121213409,1413.5291800101472,1310.942988635477,left
1301.2503300869187,862.9228053104985,697.6368997078287,1413.9728180124464,1286.3620839196547,left
1290.0861892764715,849.2802967162243,711.53144652572,1416.2674811526974,1263.6392023053013,left
1280.5475504117744,836.5669489675844,727.472390619849,1420.617289246708,1242.6904492429483,left
1272.585822787038,824.9319176334714,745.5191149104364,1427.1122317904735,1223.4635988421355,left
1266.2431872076445,814.0623825954883,765.9091565877393,1435.9534665008223,1205.9088015730736,left
1261.5483274093476,804.0115555141466,788.7689301343294,1447.1945541456191,1189.987582081046,left
1258.5742972194912,794.6579970243565,814.331035427919,1461.118037211244,1175.6834463337111,left
1257.3321066722956,785.8923922407612,842.8506109600062,1477.975446129029,1162.9549554719842,left
1258.0010992239947,777.6186866677156,874.4852781891115,1498.167382772783,1151.8366405818829,left
1260.568542558419,769.883568223131,909.7571287057881,1521.8574777980039,1142.2998007487122,left
1265.2009481774137,762.5939529585528,948.8614300032116,1549.5539470881167,1134.3480897007637,left
1271.986365031858,755.7272672344651,992.3844883594938,1581.729979889115,1128.022206245589,left
1281.1826169324663,749.2587413389084,1040.8229528566071,1618.9571171000694,1123.351108927698,left
1292.9066146719094,743.0694280845257,1094.6244127821308,1662.0666472835342,1120.370730855188,left
1307.3356899862845,737.2414513024175,1154.839081355244,1711.7761233097542,1119.1626115889999,left
1324.8486196150038,731.7079639760597,1222.1343764558892,1769.3965211721616,1119.8270786599053,left
1345.6617417838474,726.4196121736132,1269.0350127982142,1836.1378387650993,1122.3459628887395,left
1190.2030012196317,724.6015409422355,1058.3142132588916,1662.4064598994848,978.8967068211068,left
1212.4946385218789,719.8043763275659,1015.9455652109979,1737.3231820990939,982.6224863660321,left
1238.7973522115876,715.2399616590664,977.4094033781057,1825.8276076505865,988.3584082903419,left
1269.5225741039344,710.8740437481547,942.2404567274792,1930.8308974553038,996.2005507004988,left
1305.4075369392435,706.6911359062092,910.2614521021696,2056.879721875272,1006.3065979008302,left
1347.3910012036993,702.7021737875243,881.1591056332041,2209.9531994625486,1019.0344544896982,left
1396.2931191966343,698.8853147020034,854.6549348564324,2398.248776814966,1034.521342533114,left
1453.4639818008075,695.230406950394,830.6579308400865,2634.3335255116267,1053.1050110161457,left
1520.3953569308794,691.7390349740178,808.9624900140363,2937.189676779348,1075.0773086787017,left
1599.1548880998944,688.3974312178307,789.4221164850013,3337.5953354190483,1100.8144728607012,left
1692.596125932798,685.1716583883831,771.9344747552657,3446.7157612731544,1131.0120547553965,left
1804.3932934516013,682.1158512331294,756.3531365753312,3509.0029676158574,1166.181594396717,left
1939.062135262856,679.1828325366205,742.6263153590828,3579.1436876315083,1207.0095452180788,left
2103.939847820556,676.3595403407293,730.6598277974392,3658.18445912955,1254.5360413145586,left
2308.630674854102,673.6739879062468,720.3797399993448,3746.8835263144447,1309.8507113759088,left
2408.202434666507,596.6175460610942,667.4129518454612,3652.0776389039834,1288.7915878110407,left
2723.623375867599,592.2937180272869,660.5264402642952,3757.0893751915996,1359.1245215871027,left
3091.9224257694787,588.0475208900672,655.1606507913651,3875.3660954501565,1442.245707608237,left
3145.638558980374,583.9097414016107,651.2857402022596,4008.7149684494752,1541.0471063735376,left
3206.3653671319826,579.8666593766171,648.8943030235364,4159.355639647238,1659.693580923241,left
3275.100264774009,575.8764058723183,647.9874257375823,4330.173628865304,1803.673863435452,left
3352.3816082547282,571.9826325174447,648.5712625629944,4524.531759090942,1981.152408855437,left
1719.517527960444,806.9417510631473,590.0272054455241,2373.0881493076736,1424.2957700880747,left
1758.4707022535395,790.8135034904036,593.2954310621182,2486.922752137168,1435.7891743775376,left
1803.1806523455318,776.4698021779268,598.0458886853738,2619.5532528211834,1450.1448853382553,left
1854.5525851345355,763.4010409753062,604.3430730338787,2775.448135805711,1467.5867203224514,left
1913.3254949470381,751.4569202367262,612.1899825165614,2960.376123102997,1488.3565765595815,left
1980.8220599219944,740.4922389076216,621.693578158544,3182.2270358491614,1512.7119926834557,left
2058.202259809732,730.4684330146176,632.9257920327835,3392.687841779083,1541.1053676399106,left
2147.6065626492264,721.0515048072226,645.9270216735245,3429.0485118084625,1573.934582143385,left
2251.035409504655,712.4095351015454,660.8521179104087,3471.0563540396242,1611.7162544720304,left
2371.288974058262,704.4098153479758,677.8422072601882,3582.8641913959314,1654.9971835334272,left
2512.265861802874,696.7602404566658,697.0073387194828,4125.47461041468,1704.558831575148,left
2678.8889025701756,689.6183780082521,718.5597516448188,4890.951717240747,1761.335410311053,left
2877.650279228708,682.8760995201246,742.5778469315799,5710.111958815103,1826.3091371248393,left
3117.3153824316755,676.5119300674415,769.4632559588647,5844.456952578894,1900.6140878284705,left
2913.2902061723216,796.9917414758513,983.5059474767673,5589.537339739655,1788.203006492999,left
2945.598455091771,788.9267277636878,1001.5817312834951,5743.8620520571485,1875.9736659216003,left
2983.1554061802967,781.3279951278092,992.7143117999365,5916.347607255625,1977.864588320615,left
3118.813492217762,774.1740984331421,985.7855255596058,6109.248419212174,2096.9432146321255,left
3656.9253835148033,767.441315822454,980.7663010792679,6325.526134586748,2237.0135031845916,left
4440.093833797391,761.0577239418317,977.6377676396662,4178.635226625851,2403.148944719324,left
5225.760443682506,754.9681823817659,976.3889368978212,3155.5869447316027,2602.7837250155108,left
3515.6229123914404,915.3014218236892,816.0493660788763,4695.242861420344,1549.844590045543,left
3604.020453418513,908.4396783501614,817.9917168941806,4917.533827680459,1712.0972606914765,left
3703.252636999385,902.0933741140047,821.6527574686236,2491.0981045161275,1918.0813013834315,left
3814.8659014570944,896.1887148895722,827.0947639483325,2185.1903318864156,2186.854922788361,left
2880.3547387229773,549.892725398304,600.9730412345197,4245.238851860535,2298.082284931825,right
2754.512025293184,552.2566906629457,596.8919257077729,3946.7812108988182,2232.2985096848506,right
2640.0278778572833,556.0054124804625,592.8781909653851,3687.280657701522,2124.5550193125914,right
2535.3797694321383,561.2275988881314,588.9054006168923,3459.48571359185,1891.4316119101413,right
1319.5956424614637,668.9974101873095,487.02754589603387,1762.4206946148151,1115.404807052382,left
1340.2757388953846,664.2894989573317,487.75749204873534,1828.746017718174,1117.8786661653005,left
1364.6801607904365,659.7075861884709,489.8050712714379,1906.0289303866848,1122.409904640889,left
1393.19605553577,655.3033754988847,493.1844950869359,1996.276936468445,1129.0367855309958,left
1426.3754369751084,651.054501834863,497.93675977099554,2102.267216319192,1138.005828972376,left
1464.7240460337207,646.9255679079342,504.11692657553203,2227.8565401700534,1149.3705696904608,left
1509.2357302282983,642.9002185147918,511.71087083306895,2378.118847917737,1163.4737156250897,left
1560.88359424116,638.9863524952846,520.864067455736,2560.2183399328387,1180.575045480512,left
1620.6812741752092,635.1716934299409,531.6199070389517,2783.758331572433,1200.820542770011,left
1690.2655019304752,631.4387025501055,544.0701834898409,3063.5985635021607,1224.7592292375073,left
1771.428002860786,627.7892478117783,558.2578513457435,3422.120455638423,1252.568630459475,left
1866.546335294987,624.2101361856511,574.410721075227,3895.503625091385,1284.8531865283467,left
1978.8803587354432,620.6904265377934,592.663749842123,4546.423419908203,1322.2599509084716,left
2112.884892779828,617.2190280063977,613.0863813522017,5048.066830966671,1365.6269957345603,left
1814.1604116361439,613.6606784344024,694.7723858507636,4621.921086743026,1129.2424619181784,left
1966.8053176797494,608.8147522209654,683.1112875269024,4730.779441101872,1172.803199506283,left
2157.1204647392397,604.127141908574,673.1123832393013,4852.604308733991,1223.8877828369302,left
2398.135987410219,599.6750407844521,664.6800539286958,4988.7905418757055,1283.4555753022314,left
2712.4935949633664,595.2654268045317,657.8029176487069,5141.406049273846,1353.528049711379,left
3135.89874936164,590.9800385331772,652.4428572756129,5245.645422505524,1436.1181424040415,left
3334.9078426433507,660.7557422216867,579.1107431000662,4882.416770877596,1370.3238671572085,left
4000.2659742712476,655.7968681754674,576.6789316163807,4969.781032558158,1474.9915507465844,left
4090.858361723781,650.9841708333261,575.6452915508951,5067.736915574033,1602.280134808385,left
4192.413297912573,646.3643259427308,575.9955066040284,5177.312292798017,1759.3636839456847,left
4306.331640528429,641.8937889114555,577.7659405144013,5215.560265661806,1956.8178324432213,left
4434.006426410402,637.5418285952388,580.973661616886,2426.057985445681,2210.436097205451,left
4577.203996673635,633.3186970695999,585.6511337202963,2145.240380109913,2546.3890181882025,left
3763.8792880509945,564.6789575110049,657.9650809464517,1724.9836933251015,3021.616439776699,right
3653.0459185484406,566.4005127428716,653.3832430605377,4270.841002843982,2841.039887577545,right
3503.3205858873366,569.5455542688463,648.974854093022,4207.586809764383,2469.360175031043,right
3367.183954276589,574.1467755640259,644.6880658413108,4134.385929986783,2183.545097931193,right
3242.9811300749525,580.220834024042,640.5293606506531,3997.628977233671,1956.5844855830915,right
2789.336221500373,624.7979605828984,600.8467755340768,3481.1191969090205,1672.5437175163868,left
2852.2523030940374,620.4386729039028,601.2913823264778,3549.1105742129403,1836.7715126245726,left
2923.3942852088067,616.1717651411192,603.159987790844,3625.6426557601208,2042.978391139202,left
3003.61450845305,612.0106956490354,606.5076024530933,3711.796844557826,2307.84697300671,left
3094.2123493520503,607.9269000884439,611.355722772298,3750.1799012434312,2488.312066980678,left
2624.936746710302,564.6441730979641,658.0097287554897,3181.0479694343308,2086.461146946782,right
2516.182338147505,566.3530568110841,653.4063468811884,3094.977509556688,2023.5271421813131,right
2406.8517267127863,569.4959300584504,649.0005657882309,2973.3634163386714,1965.2183911228874,right
2307.1669980571023,574.0950422514045,644.7163623314822,2862.339971639851,1911.0417810810163,right
1715.7096848133892,780.9213058169938,605.4986091851213,2177.9552996850507,1440.6984967645692,left
1750.508719632122,765.3489344159614,607.3920831462498,2215.8268642096546,1449.9834824008026,left
1790.5427871167371,751.4463869160521,610.7732403004762,2259.124860878163,1461.9570245077957,left
1836.474763324594,738.7040547069381,615.6218602727299,2308.5484136369214,1476.895775600801,left
1889.108942940702,727.3094080532383,622.0541283530752,2364.657738106563,1494.9550277667447,left
1944.364193438316,716.8834632828559,630.08274320615,2428.526711923566,1516.3744227213979,left
1689.8784986373314,954.3671015190139,680.7557483580455,2145.5712820068147,1327.6309598301596,left
1712.559421635477,936.7118592520931,692.6719000151617,2212.738224208443,1350.7733200182363,left
1739.1702223368668,920.5144046947812,706.459488663108,2236.624390110711,1377.664124052631,left
1770.1433348285161,905.6253693933921,722.3209068548128,2256.3744437400264,1408.9823113254156,left
1805.7843628359847,892.0798589520574,740.3254666145739,2279.871797470161,1445.0623622081205,left
1846.723783798908,879.3791219990505,760.6264540299505,2307.4731802615233,1486.659717086469,left
1893.6351649878204,867.6641889176178,783.3912820470055,2339.5173020290817,1528.0426068227503,left
1947.3798555278822,856.807713904414,808.7999118677714,2376.4270552692064,1546.6127323892397,left
2008.785290955939,846.6936016411067,837.1549926495321,2418.5937993268153,1568.6203446174102,left
2071.263846642595,837.2181784753565,868.7323014722897,2466.6874398709947,1594.4228427731352,left
2088.4520080043335,828.3554971976453,903.7634603257168,2521.363264354764,1624.4083320633235,left
2109.2309314969016,820.0763654270031,942.7409257120694,2583.3125498151776,1658.9916194595608,left
2133.9423324152726,812.3485229042507,950.5895811393896,2653.5480150879134,1698.6099629661476,left
1762.9131121416972,886.8079453481647,869.2802636395855,2227.753205896477,1463.2390503599433,left
1786.51213782209,878.9272785849242,866.1513458151451,2296.6065129134968,1504.5521421186272,left
1814.122552705618,871.527739743623,864.7690118506032,2375.3980846360832,1552.016297092255,left
1846.175276999361,864.7087180952536,865.1331591600631,2465.627199792235,1560.4588656709561,left
1883.0649572023183,858.2556173983992,867.2520705567988,2569.4325478520823,1570.5630897393157,left
1925.4103191946424,852.2636868537236,871.1693439787073,2689.1257657992446,1583.5461820030027,left
1973.7273684106387,846.6799592882279,876.9070198515897,2828.0500928338624,1599.522479405055,left
2029.0674695762743,841.4863880364719,884.5120543778605,2990.554922440699,1618.8767049429039,left
2092.2493798426276,836.6510192089793,894.0435552831004,3182.21451485933,1641.7616925393327,left
2164.354737912317,832.1749000378115,905.6135829281097,3410.3223870715346,1668.5046407787522,left
2247.0742978109033,828.0330995360555,919.2257915024652,3685.61727139716,1699.58415078696,left
2342.0197496766496,824.2166618964671,935.110026160737,4022.594885106856,1735.2597100586768,left
1711.3635592664327,932.7225970522682,889.741182748611,3101.8573662132535,1240.026653092356,left
1793.8118072751306,917.8818404695771,891.5221102010497,3465.378578932278,1268.391159530328,left
1890.329259481,904.1835661183043,895.1975029583501,3571.18758802063,1301.2510262863907,left
2004.4453737547524,891.5790539443808,900.7177918176353,3630.2767209529793,1339.3266754352205,left
2140.444757249648,879.8453556370094,897.2358473907559,3697.1082964253055,1383.3830252087225,left
2303.9294418078184,868.9474579800271,882.3828362051156,3772.2726182267297,1434.141336825306,left
2503.353116427826,858.7956602565196,869.4612495616235,3856.74243263241,1492.7518127663852,left
2750.9754451016033,849.3549579380476,858.4145683239818,3951.6576711480225,1560.8344530385305,left
3063.820009328596,840.5426376932844,849.2031687420581,4058.03805404173,1639.7405820187296,left
3385.5714005673763,832.2442911658338,841.7594371121437,4120.740727661555,1732.0733519502292,left
3440.22567370537,824.4430078979362,836.0647352794622,4177.576382400749,1840.5398313968494,left
3242.1664771292876,865.2398100907615,786.9314514031034,3949.628393029978,1861.9700577598448,left
3305.469906848137,857.8415055126213,784.6265233910766,4015.925099356163,2006.7467880776144,left
3376.9050683335727,850.8962261456248,783.9686528379821,4090.6748564555023,2182.349183992872,left
3457.2787923861542,844.4142166990565,784.9630753589252,4174.672026712227,2397.8927730652827,left
3547.72903510308,838.3486371935236,787.6228824812091,4196.943631638722,2667.830733341348,left
3649.3695883207033,832.6817603072378,791.9862360082784,4212.934708637565,2979.690345790698,left
3706.6424740472858,827.3802609140104,798.0917078657758,4234.4102425287665,3026.755124018878,left
1280.7918005715987,774.6897800713349,984.2790502195242,1575.3221643923857,1117.8023571343624,left
1288.5365004528762,762.3132568145439,995.695620551839,1609.3778962770855,1129.890487568677,left
1298.7185137224305,750.9288506814584,1009.3202470194456,1646.6646844579736,1135.0364035138257,left
1311.6131486354357,740.4995304493815,982.658631873636,1650.726975654552,1132.6881791520245,left
1327.33761854931,730.8856846188548,955.6547557245682,1657.1418492442308,1132.2684925260444,left
1346.1084055052384,721.8636960582699,931.2267542585355,1665.999959208486,1133.583708954774,left
1368.39746912211,713.5022327219956,909.2318052193305,1677.4963146665652,1136.957839483657,left
1394.6369083117781,705.6807477992255,889.4930522869936,1691.7955919985902,1142.3312846322954,left
1425.22705133443,698.290757303381,871.8976188744726,1709.1874699332855,1150.0413233366214,left
1460.686265174826,691.391058780042,856.3104753161299,1729.812206368958,1160.0739205891718,left
1492.3027787453439,684.8028235189863,842.6804223211246,1754.2453740199476,1172.7083455008444,left
1496.7341681839284,678.584278268328,830.9040282792203,1782.5404969548704,1188.1039349154962,left
1243.6601214981695,758.0243010493099,744.3587856626606,1501.4484908050817,1011.0869128022298,left
1247.904886872815,750.9817806699458,736.4257303031068,1528.3811498000673,1027.0316241281016,left
1254.3813618910717,744.2300263416082,730.1314370601563,1559.838014169154,1046.1055043694018,left
1263.1427687318837,737.9229454679404,725.4273021691063,1596.2495806145707,1068.7179620437855,left
1274.4076063581579,731.8812586079224,722.2982350671136,1638.2876895239124,1095.1581468786628,left
1288.3548852891186,726.1865278496218,720.733248647099,1686.973082685935,1102.938552748077,left
1305.3008629947456,720.7714367835351,720.7501415274579,1743.299264129795,1103.3190935245782,left
1325.5896408952956,715.5862041985861,722.3535420022572,1808.7141042004598,1105.5752816983227,left
1349.450581190073,710.6531015478679,718.1043209947297,1884.726256416197,1109.8727452232474,left
1377.329446573731,705.9297856729786,708.4063489481755,1973.5006072753213,1116.1990959296586,left
1409.9218066470112,701.4268673837574,700.3185778426285,2077.9874560452367,1124.901815675231,left
1247.666078840177,679.6115511318847,647.2202293314049,1897.6599290114332,979.0517960543197,left
1282.6968268196722,675.5201537294001,642.2465638582719,2021.060061368911,988.8063411378553,left
1323.4828686114756,671.5694948852263,638.753775292652,2170.7025327465462,1000.9817777230329,left
1371.1551525656341,667.7499186747232,636.774281903592,2355.0496146091405,1015.9550249613447,left
1426.8138472449143,664.0586553642268,636.2607499334101,2586.091122190442,1033.869130548794,left
1492.1989455476535,660.4875854864906,637.2672054443309,2882.695538686989,1055.1442548538498,left
1569.383732803588,657.0256880256427,639.7649710927532,3275.3368755667157,1080.3054432313527,left
1660.688238436661,653.6615929062099,643.7053739812881,5706.769079274,1109.687544871427,left
1769.674633433916,650.4106243732049,649.2307088333782,5417.050960592364,1143.7840680564354,left
1901.7651477636798,647.2117340271993,656.4051537618786,5158.955251083844,1183.7443844531062,left
1942.8151595377992,618.3543768905255,674.7397817385943,4849.199043760526,1158.4627490771143,left
2130.293717304267,613.5198646537665,664.7571305347789,4644.7963382337675,1208.7187919072453,left
2368.344501555466,608.8402388062752,656.3756888652531,4460.083624530027,1267.4385088140946,left
2678.1615522848333,604.3046487850603,649.5248135898886,4292.852132244056,1336.3840882599618,left
8378.525552437952,599.9013980134054,644.1767178986422,4085.735001600604,1418.091480177486,left
5344.740262322813,595.6180093980217,640.3119658770793,3840.3522029420724,1515.0952900920256,left
5074.023563212889,591.4412953526387,637.9196201627298,3624.545689841052,1631.6406461051301,left
4832.219436945736,587.3298506476281,636.990331267029,3433.3101482975776,1773.1178287027665,left
4615.235733826775,583.2793917988099,637.530341307378,2966.285116518512,1947.4011027867527,left
4419.697764684742,579.3268989490875,639.5683058630229,2519.163722601315,2166.0669569055767,left
1582.8054193021055,575.3948145376851,643.1203261225778,1179.2713184136378,2238.3789345956934,right
1621.1076174609225,580.0329579278325,638.8648870148636,1215.2598300395543,2354.9267523863073,right
1665.1223796774425,586.1504284800833,634.73080151772,1256.9619357991817,2491.9167411107783,right
1715.8759725693992,593.8407325901826,630.696123198759,1305.4515257867697,2654.793908064302,right
1774.230536094979,603.138919870678,626.7593610849871,1355.0686664231216,5698.027928885854,right
1841.6540811572488,614.1076618723149,622.904700195008,1378.9228318399664,5259.786109466694,right
1919.5683176322132,626.9282604471779,619.1229732580131,1406.83552902348,4887.098796705783,right
2009.8034004590727,641.5414871770048,615.404748826294,1439.0242786629028,4566.559831220551,right
2115.113588632477,658.1922270956146,611.7438598639202,1476.205657447805,4287.823436012798,right
2238.7332442458696,677.0387043413643,608.133958059715,1518.9418238638677,4043.3937119569505,right
2384.88963210404,698.1536517240049,604.5685504840319,1568.0331244968593,3827.5559857269513,right
2559.4862495467332,721.8107287016308,601.0202345720761,1624.4315916382066,3635.4760965218798,right
4979.16541730735,715.5302399009905,650.3952336085705,1457.544658126794,3218.058941645823,right
4599.759592027571,719.0029782888539,644.8788357382205,1520.4631757177017,3073.5358900119377,right
4274.990182222578,724.1975060576106,639.533420022744,1593.525699477202,2942.7882450435077,right
3994.0523572717943,731.0380285014354,634.4757003734717,1678.4443832254942,2824.240329505398,right
3748.4980246228442,739.552357041048,629.5644182354899,1777.9769769518625,2716.0415483007864,right
3532.3039362591994,749.9702622266104,624.8453857136876,1895.488361279978,2617.196612182624,right
3040.582584699161,780.9500041221045,669.8660113586413,4810.949573300276,2299.647775363256,right
2882.717435274094,779.4635917599088,664.8697288654738,4542.265586455288,2222.297327091494,right
2741.2315407904716,779.6205857457954,660.0767605600532,4169.259169877342,2151.037842945986,right
2613.2157510782226,781.4300222906538,655.4032164741664,3851.586045249517,2084.9837236982153,right
2497.1756215513956,784.914514534036,650.9108621228468,3578.1191064058016,2023.7580295020425,right
2391.532671203809,790.1369933479147,646.5778543067411,3340.186394147379,1966.9438426525062,right
2294.932506276689,797.0654329821452,642.3470976630383,3131.390362045945,1914.1028473583788,right
1686.2986874142289,852.7681359692173,592.7562181977676,2252.2064361092016,1425.3564824594107,left
1718.2655424396503,846.4540341785564,593.8869837777494,2344.5693092286233,1433.1365455752784,left
1755.1525014681838,840.5770091969232,596.4484801704781,2451.369369365486,1443.536333604527,left
1797.601108140301,835.0394057251752,600.492370447328,2575.6569277885847,1456.7641455974888,left
1846.067448732483,829.9038852147952,606.0081770088932,2720.9439902293307,1472.8879697265002,left
1901.6999072329627,825.1112826429692,613.1434712057151,2892.3774550975645,1492.2486228840985,left
1305.5665022531673,740.1160398751088,705.976839504357,2057.1392757734084,1006.4461901514887,left
1347.4708496097262,736.085987025263,717.3158421766088,2210.027624453446,1019.1142847364431,left
1396.2896511783433,732.2687847061763,730.586168807509,2398.2275317348267,1034.535890907385,left
1453.4581017827695,728.6542862168831,745.8429819272296,2634.3099936180097,1053.1171857376862,left
1520.3870743371338,725.241462803295,763.2522405815495,2937.1638871073123,1075.0870974415525,left
1599.2325068218997,722.0162544527382,782.9421402796045,3337.664756318125,1100.894998879388,left
1692.85270673962,718.9664289301521,771.9715961184545,3408.972440874387,1131.1679817381225,left
1804.377871502845,716.1061531124624,756.4169236129021,3369.5556475173385,1166.1841660533385,left
1939.1370860218988,713.4047743627457,742.6683322974447,3334.3880419935454,1207.0895638389686,left
2104.013724446517,710.9215715750631,730.7042150483701,3303.2999658209956,1254.6156952656015,left
2308.6082826424336,708.5466572903929,720.4403645238528,3276.2015972538934,1309.8460371305646,left
2568.1777699322574,706.3890648386028,711.8133893943843,3252.9793256037556,1374.416387295141,left
2906.3009507243373,704.4107848977924,704.795248603421,3233.569611880141,1450.2049304412099,left
2945.319127079452,616.6901943423907,628.606152458,2884.897254954292,1383.7699339114668,left
2905.3765498326375,612.1906742442347,624.7531246762884,2872.179225272361,1478.4373593622736,left
2869.3574816546065,607.7860795205199,622.3495802076517,2862.786837520907,1591.8778905024442,left
2837.096369003776,603.4733237974344,621.3862231919743,2856.7280143337666,1729.7391768465404,left
2808.4405048429644,599.3214164760564,621.8902852976222,2854.0452293909316,1899.7945404867644,left
2783.3068411969184,595.2334426166401,623.8557661572779,2854.787232675243,2113.0406597111423,left
2761.613072744872,591.2048287530531,627.3129719537393,2859.043113488564,2387.042580482545,left
2743.2955737905804,587.2307211476168,632.3142449404413,2866.8999235231813,2749.4906318325498,left
1808.3202296066154,518.7855680806344,705.0112075603965,1907.8602034435678,1837.6611072204428,right
1785.0163904559631,520.3125373587987,700.0671488813726,1865.4513554444031,1830.8295754088067,right
1763.9272330094095,523.1911875065286,695.3141640799206,1826.152905007974,1826.1285973981683,right
1745.0008661680504,527.4864296914178,690.7778913261593,1789.8177683754077,1823.617007679056,right
1728.1984211523115,539.9689533397179,686.4241399003658,1756.2613597301474,1823.3070134306854,right
1533.4803157569445,894.2846861450091,663.3708168932025,1544.109174425482,1633.5605379463143,left
1508.8015780758826,871.1144368369098,663.99924995874,1533.3174705169827,1591.8268169395842,left
1486.0498747143254,850.743528460408,666.1488919222508,1524.2249640238351,1552.9762849023098,left
1465.1446587356781,832.3851348924434,669.8424098825035,1516.843489191439,1516.8233553518733,left
1446.040345235907,815.8682244193114,675.1104934754123,1511.1921392343183,1483.1745309491155,left
1428.6917476323888,801.1307324299083,682.0157547382114,1507.3295278719315,1451.8658798485972,left
1413.0508320573879,787.7785651403983,690.5865312764458,1505.262313333446,1422.8426823820826,left
1399.1191466808964,775.4457700621465,700.9372448102756,1505.1463963199212,1395.915800680186,left
1386.8780983342804,764.0987800169223,713.1125384809615,1507.0125623473568,1371.0314908295916,left
1376.3446060010133,753.6013337081805,727.1868330133791,1510.9740087483938,1348.0984610872486,left
1367.4600536321473,744.0113825604408,743.4021571927381,1517.0630555881166,1327.0475144835975,left
1360.2980574739502,735.0106735608338,761.7046431289068,1525.5086182014759,1307.8180787537785,left
1194.8871860323206,817.5214750209116,838.3853405868049,1355.01508912128,1137.9893554451442,left
1189.3764667180678,807.3854643811889,862.6528901296333,1364.4091634913948,1121.9086299155356,left
1185.4356143011942,797.8736710001988,889.7610466813367,1376.217266900692,1107.3558193692772,left
1183.1002984883323,789.035306293629,919.968270809282,1390.7361918938388,1094.295625008838,left
1182.544230989009,780.7620432544819,953.6111295500016,1408.292989827547,1082.7447276686964,left
1183.7496669835677,772.9593278072663,990.930843730538,1429.173264917445,1072.6881891427317,left
1186.9287744743028,765.6071630905037,1032.363954574806,1453.675590322217,1064.13156638812,left
1192.0689223448248,758.6832032709074,1078.5126637808987,1482.3278521731584,1057.117769736229,left
1199.3601001685377,752.1628840471978,1129.67932496661,1515.5417157543284,1051.6131538229788,left
1209.017403209243,745.9735100871703,1186.805100496503,1554.2835456526323,1047.7443080540415,left
1221.278701549409,740.1005769345093,1250.3853502023576,1599.1069431863948,1045.4886352471585,left
1236.337858440729,734.5280894171772,1236.2925410094767,1651.2266053936155,1044.9731463247333,left
1254.3957741746826,729.2068442507565,1182.9986419816098,1711.5841151835366,1046.2198218623193,left
1275.866767490053,724.1865810301299,1134.4851037743774,1781.9967995294653,1049.3400860344443,left
1301.197669749415,719.3886853426101,1090.3384517674085,1864.4473443612278,1054.513374991103,left
1330.863011183275,714.824046067551,1050.0600422421305,1961.5161181747926,1061.8371875130679,left
1365.4365587975867,710.4460817433417,1013.4497468505107,2076.7665382753776,1071.4680314629156,left
1405.6758130793737,706.2762908763514,980.064947180157,2214.877883439621,1083.5744014860709,left
1452.2938546172738,702.2910939426812,949.6943198102979,2381.9551855962036,1098.3979750329195,left
1506.438121476514,698.4735592710549,922.1767209930914,2587.4483972206103,1116.199528416531,left
1569.7299788931623,694.8209475858306,897.162136123613,2845.0282346913746,1137.3925886809743,left
1643.6035304818868,691.3200477882411,874.5705555533648,3175.18634974016,1162.212095286498,left
1730.497349726644,687.9595954503143,854.2489846885278,3494.0900040405622,1191.2583406472706,left
1833.2961563068986,684.7720748998693,836.0880504031322,3551.4069932962093,1225.0247284196216,left
1955.788358911639,681.6935538438793,819.88537755097,3616.2080439536385,1264.1014793917768,left
2103.620742527425,678.7286490724389,805.6431534454538,3689.240760325998,1309.4205453509474,left
2284.090674153147,675.9010124022587,793.2415194643262,3771.3947635653467,1362.044310234952,left
2507.976711790374,673.2116635626552,782.6359675248859,3863.617681934852,1422.9968223252622,left
2791.7449702564136,670.6611326255181,773.754035024346,3967.2002750415772,1494.0995259109677,left
3160.8793031103182,668.1987633409528,766.544269699534,4083.513523327617,1577.3385743211284,left
3362.292458933489,665.8655991920939,760.980190838492,4214.204575577115,1675.2080297579846,left
3422.335153123623,663.6011053330535,757.0431506516002,4361.322578093733,1791.2688301507912,left
3030.294048333658,535.9845860240898,690.6607609227781,3930.903547223372,1766.4417316928677,left
3094.06527980693,532.4892551084167,689.829342245401,4090.7628368211017,1920.158520002881,left
3166.0734764016315,528.9566314164324,690.5351359116141,4273.187689087698,2109.479886480662,left
3247.248905524074,525.4111245112255,692.7922845306408,4481.5386665739325,2346.6013903426897,left
3338.573247398954,521.8635501426721,696.6404189129343,4721.463646891423,2650.8882851944827,left
1661.4832726402326,937.03799976513,765.6039948826663,2413.6476028077886,1336.1176891884143,left
1707.180057703483,916.9495175697601,773.2524118541648,2554.9238577891933,1350.9388944983552,left
1759.668046549139,898.8303545055919,782.6786765079926,2722.6744306936284,1368.8688770011104,left
1820.0289338170012,882.293927267947,793.994096426281,2923.952565441082,1389.9892863018626,left
1889.6257807918696,867.1824091653432,807.3081855871924,3060.9946504201885,1414.9106854220647,left
1970.1182634108595,853.2459967801436,822.6735354042439,3091.6552547988986,1443.84288031899,left
2063.3519477716204,840.5339110621788,840.2558851634951,3127.3716819592796,1477.2832149147032,left
2171.9699753951636,828.8063147369031,860.2059276440997,3183.2855012899536,1515.8636019947203,left
2299.461440178557,817.8471584336378,882.6418667533342,3660.432624311441,1560.046459359737,left
2450.067256777659,807.6288712790874,907.7826455531846,4333.854874308834,1610.8435104946705,left
2629.960977813628,798.1196195022108,935.8178536826781,5333.668767890829,1669.108532413087,left
2607.5924644657716,889.6408220358514,951.9567620179508,5175.563989950144,1589.8261316775981,left
2674.9111842773295,879.3190504830197,939.5202403911251,5305.627310692845,1659.5824126889706,left
2702.8593459618633,869.7265272934766,929.0480426142495,5450.850031943542,1739.9986667051483,left
2735.710311706227,860.763897711865,920.4458799167885,5613.259940529444,1833.764162570286,left
2798.5483199957985,852.4013999004565,913.6933954003687,5795.007365736752,1943.4384365539709,left
3279.658485886325,844.5048358130606,908.760867697345,5998.946524017858,2072.668109650537,left
3980.3664147980912,837.1583994424325,905.6315775307651,6228.157852476016,2226.2406889892395,left
4953.875150636138,830.2826567529173,904.2945333926504,3672.898539664832,2410.643332144158,left
5075.9984045522015,823.8146013915134,904.7568573011881,2953.4459660007897,2524.9836821354775,left
5212.295701464237,817.7401128058544,907.0240040118246,2623.684829652394,2551.615983185364,left
1244.8669947244919,597.1718180117568,551.9690105856043,1738.6999737928322,1023.8383863556294,left
1269.0683270491122,593.1581720576928,555.7161379815761,1818.3801222749166,1028.4638838946703,left
1297.4913512262415,589.2023565841914,560.9370715891735,1912.359038380785,1035.2058291299156,left
1330.630632836718,585.2948679482438,567.6630361104435,2023.8341678858283,1044.1655006455105,left
1369.313978370076,581.4259616499418,575.9192767540578,2157.5585151931173,1055.5653514510168,left
1414.2535685629662,577.5832248916281,585.7709682768997,2319.6275991318084,1069.6496378966722,left
1466.5137648357859,573.7664807988957,597.3462346687061,2518.918831513377,1086.6162299990754,left
1527.6260090292897,569.9581714580266,610.7477767505261,2768.7957455785854,1106.8736927557331,left
1599.015266701281,566.1604348968878,626.0288021829087,3089.0534785557093,1130.6526037729604,left
1422.8481401966583,675.0541217022351,702.39689273193,2969.4946018192604,979.4471642417744,left
1503.9928323306208,668.3497596541058,685.8454115266362,3455.27806270332,1004.8877638015307,left
1600.8344142475626,662.067028715426,671.0420345497414,4162.177365083073,1034.6169129800146,left
1718.102003670268,656.0707435230232,658.0147193636112,4611.068258934844,1069.4535728516807,left
1861.8766246438422,650.3471784355025,646.6218147069101,4719.748454587628,1110.181800361881,left
2040.6546841583552,644.8810338180263,636.8114834966505,4841.109592044841,1157.7829782170131,left
2267.8970962412436,639.6555219865385,628.5394722763074,4977.005899927135,1213.702520815326,left
2564.0939237714088,634.6117818749996,621.776437444998,5129.222808799072,1279.5323786306124,left
2963.2349435112865,629.7399752292249,616.4803615452425,5251.777706367946,1357.0913835034908,left
3527.783879358633,625.063537428406,612.6316161120911,5338.595291183206,1449.5096704390983,left
4381.6246224601255,620.5300457770209,610.2192002997494,5436.290057356262,1560.6625633909587,left
4281.637159153364,640.0254704647251,586.1893225700678,5292.453043637196,1631.8615915686362,left
4388.83239592503,635.51028052107,586.58225492277,5400.163088284555,1791.9556364883351,left
4508.999418811312,631.1097436131371,588.389374626169,2744.093772207312,1992.9314435908732,left
4643.652435054099,626.8378094833568,591.6415785479381,2385.0312008037727,2251.358578254419,left
4794.585531428127,622.6941526980695,596.3919365268312,2108.927874008684,2593.4275193280337,left
4896.140172968873,618.6327231455966,602.6668514439252,1889.672770653946,3064.8161944523426,left
4602.222766191017,574.8280060490633,651.8336399412964,1600.0846790893959,3714.4365362404606,right
4484.577772193889,575.1757936877044,647.1881797740293,1756.8867565359205,3291.217172868117,right
4367.026704166188,576.9447845111648,642.6977986577646,1953.9600037480454,2794.78996764609,right
4191.965481846055,580.1347050713916,638.3665698719266,2207.2892776223352,2429.029113276469,right
4033.0315837376606,584.8093053989733,634.1423744037209,4868.058900872134,2147.924267608743,right
3888.194053892904,590.9952671786457,630.0314646773013,4780.568956615223,1924.671771197377,right
3135.9093928174543,666.1363258422621,561.0408887645935,3921.7205259052803,1561.8532415434906,left
3209.0999652062237,661.3617213331464,561.3548934150801,4001.303294749676,1714.8039204011125,left
3291.5986443106244,656.7587892543049,563.0652642507438,4090.64180085853,1907.1231977034208,left
3384.493273631176,652.3320162069867,566.1789064370382,4168.950783621053,2154.397825645957,left
3489.1327468683057,648.0296302858189,570.759872060321,4189.984117536122,2481.909976121319,left
3601.227743845915,643.847715749241,576.78679215918,4216.687500714729,2854.403178643161,left
1619.2138083213606,955.8296881726076,806.2382091714169,2022.473649387547,1322.6226496583367,left
1637.1614745842942,937.0853040071006,817.8180142651793,2078.682080133067,1342.636651248803,left
1658.6396674961363,920.0404493982367,831.4272123153507,2095.043935428209,1366.1355005137998,left
1683.6726271907005,904.3353678498213,847.0798492898987,2109.0446606748965,1393.5835835650241,left
1713.058199121547,890.0150965249627,865.0528724651826,2126.401807334244,1425.3854295570836,left
1746.824225286559,876.8346703975544,885.383304205558,2147.25025351432,1451.3645259325588,left
1785.7959613781736,864.6571362175133,908.2723681140532,2171.883821184322,1462.7268087361113,left
1830.5343622853193,853.2738014384381,933.9466758888244,2200.740149198144,1477.1467028424295,left
1881.8407423177584,842.7341152762307,962.5500237096701,2234.064558542753,1494.5224896363652,left
1533.0122156336047,1000.1102115872014,855.4782428852811,1802.094764482239,1202.9074818656788,left
1538.2036048229834,987.6653959504158,843.6311919351883,1831.8666970729828,1219.217115391001,left
1545.8111141192624,976.012625539642,833.6140635973463,1866.2653261048017,1238.6076460889901,left
1556.0201415713673,965.3122129763482,825.3702272285319,1905.7038797960427,1261.435691598384,left
1569.040962981736,955.2797811389354,818.8559034134648,1951.0460850003633,1288.1691148273228,left
1584.994694356366,946.0034977417127,814.038029337422,2002.9171638756047,1319.191735566725,left
1604.1762329647845,937.347236200472,810.909329677108,2062.1929518129814,1355.0176446396326,left
1626.9718023935889,929.2916079456621,809.4588131605127,2130.3448907416373,1392.7690494521185,left
1653.612004142839,921.8877188326294,809.6841579162731,2208.437123073021,1397.7049575627561,left
1684.596284248819,914.9549229463902,811.6113873713055,2298.644270345847,1405.0479525411492,left
1720.324950676096,908.5488688405957,815.255281505685,2402.7314154667997,1414.9342207507154,left
1761.4284711697144,902.5959780011126,820.6242204930152,2523.812970158059,1427.4616920796827,left
1588.6503053253457,885.5367198142872,817.6490581334928,2341.506987948116,1267.4778198615513,left
1633.7161155951046,880.5508577699225,810.7339762905923,2484.7139095445273,1281.9734229407236,left
1685.6900228331256,875.9616977129904,805.6123433712276,2656.0808062498463,1299.4864223957231,left
1745.725780622215,871.7619368190083,802.0321771859165,2863.310553777589,1320.344006662676,left
1814.945970378927,867.9452969600245,800.2948476476616,3117.300650122512,1344.7031783412085,left
1895.1825417925652,864.4942194076768,800.0492527269353,3434.997540350985,1373.1901739842438,left
1988.6031128001596,861.4169431037346,801.6541599892572,3841.6848429899383,1406.1384389379805,left
2097.891584872626,858.6784818242052,804.7897625213182,3981.560712582679,1444.1787974909057,left
1986.7119668361179,901.2024313677332,812.190548563775,3776.3153076551976,1327.5542256648575,left
2121.2607137509094,889.1829413643782,818.9250766050958,3846.6339221197627,1370.9986386478263,left
2283.1799926221775,878.1227873514518,827.471696685097,3925.8818405813013,1421.2048247122298,left
2480.8311525681856,867.8153147591397,837.9858520875746,4014.8032784131774,1479.331447544902,left
2725.7119917404743,858.1791366780323,850.4633114820479,4114.544909542322,1546.5032276972543,left
3035.8794219861775,849.1414037040024,841.3860760442651,4226.327643228657,1624.7312917526729,left
3438.729647070484,840.7605560798537,833.9661766585982,4297.431823965188,1715.9382136115169,left
3424.5466935239283,868.7410956075362,794.9895743427621,4179.536723919564,1750.0552749480962,left
3486.090964478926,860.9092307271358,791.0342793431405,4244.062565505348,1871.6891504777002,left
3555.712500416685,853.5101532770032,788.7307135878889,4317.092163794431,2017.4726939285667,left
3634.027022137639,846.6520710731435,788.0831573885406,4399.189357642795,2193.8187614984045,left
3722.129558058336,840.1939151943297,789.0863524047586,4469.998210093091,2410.4902661867136,left
3820.908510309,834.1505611005957,791.7707669520552,4482.7797906788255,2681.854954699432,left
3931.98024064383,828.5215594023848,796.1674992841058,4501.2625092800945,3029.5011648751915,left
3652.3246065473445,811.2632997784738,814.4220044974787,4170.318331488283,2988.9215456054694,left
3705.374372624246,806.3974223477043,822.4754280562934,2463.444669255537,3041.642173778736,left
3765.7821209109266,801.8313266521403,832.3410711169016,2232.00807535288,3101.3498750591298,left
3833.9664533753876,797.5828714796905,844.2112240064873,2039.9319959495647,3168.7749266552987,left
3910.971666242951,793.6269295722373,858.1107941416265,1877.8068571019242,3244.701512964517,left
3616.079235425032,715.0590391246501,954.8914684013091,1574.0321169264282,3066.162757932943,right
3521.060722441664,711.14752321338,945.8793410701214,1682.6307364527886,2959.61797444995,right
3414.1855007706095,708.7931246315175,937.5056336095024,1812.9724243746168,2861.6995077998436,right
3316.028992141577,707.996800620745,929.7421666252889,1970.8641403275492,2771.8959253719568,right
3225.672240701251,708.7642992308249,922.5337768818026,3656.950037268499,2689.1261722798745,right
3142.343892467216,711.1095356783846,915.8362704930394,3594.7936754393068,2612.7878808831933,right
3065.629167327892,715.054460697146,909.6515950141703,3538.294271227871,2542.1670524639767,right
2510.361585085431,737.7614430353373,887.0142245042198,2966.9784181279456,2079.3682408080017,left
2537.233753934292,732.7608464791185,891.9294334243425,3000.266432355016,2103.6164645482013,left
2563.9096521270862,728.0206968887312,898.726378524834,3009.5562746322134,2132.1778685530653,left
2595.216741723518,723.4970955118642,907.4100492598292,3022.785255309364,2165.2594706150367,left
2631.428630471374,719.20083794761,918.1299183488467,3040.150425673846,2203.2284609952576,left
1433.118630484312,571.936947063837,1112.3325690033034,1727.8101108784376,1252.3995077211025,left
1449.2967682159317,567.8153613027921,1117.3727573000479,1733.175720512797,1251.73255100346,left
1468.7013438507956,563.9010868417175,1088.2981204568555,1740.9504914622744,1252.928092919966,left
1491.7215557011432,560.0850572732768,1062.0155423553958,1751.404627401721,1256.1920172340115,left
1518.7065030978388,556.360922812032,1038.3752543527223,1764.6520223660104,1261.7681087305707,left
1549.9367291317099,552.8067586341466,1017.1511518088324,1780.914484988201,1269.5939620830193,left
1569.4135804233008,549.240712621473,998.3089947415125,1800.3775594894134,1279.8348926185104,left
1570.55985109837,545.8205534905717,981.5944107012956,1823.3544877911288,1292.8583914510375,left
1574.0054623379901,542.4521206339083,967.0556413640429,1850.248857057429,1308.6488517547693,left
1579.8731248389445,538.9887265982208,954.5193864117557,1881.4988286021855,1327.6561767933495,left
1588.206515444491,535.7033734454551,943.9509459157308,1917.4361865582125,1350.1132804929093,left
1599.2383781106196,532.3204901153412,935.3080198021055,1958.6806689230186,1376.3816966127908,left
1373.1851320731894,587.6946879087683,874.4606258768235,1707.517196557959,1217.7066197481927,left
1384.6718352210546,583.5576357743448,869.574919342843,1749.7251305142834,1214.0874854892918,left
1398.862013728448,579.4962113357915,866.4464228277449,1798.2738049629033,1212.237068341126,left
1416.1788238497966,575.4606949757011,865.0641528961127,1854.3669846318853,1212.3401705037693,left
1436.8394501899572,571.529747197579,865.4280042668535,1919.029104910612,1214.4694757566904,left
1461.1319103120486,567.67996869784,867.5634974436928,1993.6490795663954,1218.6110222045231,left
1489.4256700633707,563.8334543214073,856.2215443924538,2080.263056114028,1225.0205116319657,left
1522.3247820858724,560.0170796522068,845.719150547282,2181.2497559842514,1233.6963240978396,left
1360.4022452465229,545.6718861988656,783.5761399186497,2005.1059794281148,1085.4145390681942,left
1396.183353735123,541.9301700675773,776.7986336719855,2123.5027581960953,1095.6049533953092,left
1437.6644928971439,538.1717058233232,771.7719802662498,2265.267016707617,1108.298662191258,left
1485.8778112333482,534.383681101446,768.2438476734517,2437.1652292814956,1123.8610608386957,left
1541.9072018458414,530.5657173749397,766.3427076405526,2648.298571495182,1142.4355075439937,left
1606.9611324081072,526.7076443811079,766.105348516524,2912.7283152667337,1164.3645128946007,left
1683.2352871157448,522.8019480630586,767.5665044768004,3251.732638139176,1190.2260959049122,left
1772.579144089575,518.8388360985906,770.6216230578326,8580.400858434006,1220.2080511891088,left
1678.4976261197269,573.857164710982,765.4124694983904,5345.042706855079,1121.524594029712,left
1788.8444412016074,569.7534122023317,749.9100404439728,5072.93549323522,1156.1571320159878,left
1922.3146056197374,565.8816771825587,736.2288674212291,4830.53928552085,1196.5892721031312,left
2085.6041762608274,562.0116864940569,724.3021674034856,4613.490126941777,1243.6297351992614,left
2288.213089473891,558.2421838003505,714.0697853629798,4418.266915938435,1298.2799051046366,left
2545.3919804501847,554.5154918072172,705.4682175590258,4241.933004276034,1362.257564071534,left
2720.3279918776666,593.2456440629634,659.6640981422363,3967.5383578061183,1357.4125334520563,left
8050.593834671598,588.9602595980983,654.3008235317532,3776.7490796766515,1440.3576087525607,left
4936.885937995426,584.8228510577976,650.4294863776637,3549.0758126136507,1538.9788601565149,left
4685.277918698178,580.7790293689343,648.0391675660998,3348.72407533578,1657.3497580798232,left
4460.305545339443,576.786921927082,647.1274859289134,3171.0334880691025,1801.422566729651,left
4258.601372005769,572.8660015470703,647.7110476045135,2912.8532631901367,1978.715229599171,left
1736.6231723191067,652.4626978230252,567.3200269436232,1343.300236846969,2522.8006084659437,right
1785.260957979243,659.1888439749401,563.4906649154814,1390.771748691399,2671.889638794392,right
1841.2157669373814,667.554132666303,559.6739639044791,1432.2469963460483,5780.8976222793435,right
1905.3687937204754,677.6428448276904,555.8676365138463,1455.1567785895975,5516.5727274834535,right
1979.0874766291336,689.5247721953767,552.0553890620586,1481.8605966505927,5092.309884163285,right
2064.271050211245,703.3128661678672,548.2313872439373,1512.834135507509,4731.126750074775,right
2162.9022698258354,719.0972837135048,544.3898470587042,1548.5896211714562,4420.476993187842,right
2277.767464431482,737.0598505441442,540.5041401396353,1589.6704297769131,4150.228751967234,right
2412.251300715033,757.2696017461076,536.5896527897817,1636.7505005630246,3913.4315820287675,right
2211.372911313414,770.7856848238902,585.4940178653919,1453.9547131510612,3489.356623120757,right
5289.770254504501,771.2708530167032,581.2024615114553,1505.4066142734055,3313.1362940428544,right
4882.28987749423,773.3201847801988,577.0105779590253,1564.4602652969152,3155.488568513649,right
4509.953132280078,777.1459847078147,572.9804015432121,1632.9398640876748,3013.4923859044784,right
4191.064017198179,782.7053815642938,568.9632985611981,1712.0511812179898,2885.0473777788193,right
3915.1996451582927,789.9771699897855,565.0841966757774,1804.2433013450081,2768.4420382136723,right
3674.1883937704874,799.0470937950242,561.2661021133699,1911.941400661401,2662.1887528390694,right
3461.7686565627373,810.0290878048361,557.5001433852088,2038.9049099328026,2565.0151740016454,right
2373.4892464628115,749.9644929610279,702.6619856291159,3892.968492182422,1795.1264286257556,right
2245.975735746276,748.4346095201327,697.2707783958953,3538.9745292375596,1731.3833733939284,right
2131.2265365109743,748.5218660608085,692.1283620631605,3241.528262506482,1672.351795212364,right
2027.2150748103525,750.2133838190247,687.2157722101598,2987.948598444936,1617.4293533175,right
1932.7535337652375,753.5617373549385,682.4859461738321,2769.321468324729,1566.328033465788,right
1846.418236106457,758.5640515687519,677.9323916535731,2578.855222819967,1518.6164595597515,right
1767.3485406040434,765.2872186546701,673.565106177369,2411.5350532685084,1474.04083303668,right
1194.462153845983,818.8850341565756,625.6032865524543,1595.2763703862183,1009.6151778413966,left
1211.2716107540866,812.8464228941187,626.8503317790797,1652.813870317411,1010.291980437434,left
1231.3786633982513,807.2088701664654,629.5663406091726,1719.8345940438985,1012.7568118965207,left
1255.1555418417279,801.9181429940221,633.829360017637,1798.3878072107264,1017.1822737276931,left
1283.0676565121303,796.9378793128102,639.6108861994638,1891.041952729422,1023.6595323829804,left
1315.6809085925943,792.2623143117069,647.0209330580274,2001.0801207477903,1032.3966755332708,left
1353.5098263017042,787.8919204874562,656.0552686071317,2132.6116278899244,1043.3849207406756,left
1397.7287777073386,783.7988931703536,666.8682946698518,2292.546167677853,1057.1592798569854,left
1449.2515443640889,779.9839550383322,679.46074781858,2489.2055607241796,1073.804043803857,left
1329.273042575787,735.8840963460552,737.9773105423781,2409.2609069588275,963.1691948497171,left
1388.7435631579353,732.4814388276803,738.9770823089343,2682.88839922759,982.0135581461927,left
1459.104356421365,729.2846411246904,720.2832310977158,3045.154146566122,1004.4409356476128,left
1542.7445968764691,726.2739663663684,703.4986232870776,3352.3012571114887,1030.8498228762758,left
1642.5769609254194,723.4634376190098,688.5910571339876,3313.251138753165,1061.5751556074435,left
1763.4344718256282,720.8222180634734,675.382100099397,3278.3496597058866,1097.6718474515797,left
1911.5975114344158,718.3727794254758,663.8757392708301,3247.4730727047436,1139.8567678410898,left
2095.6715648223367,716.1147724775249,653.9721755339101,3220.5099072604908,1189.0344145574616,left
2169.513368297429,669.7717057423524,601.2969341865019,3043.5343976741615,1161.0184172969205,left
2451.9914955332897,664.2652381098846,594.6089393820884,3024.1270503692454,1223.555670702971,left
2832.9089508244965,659.0021780388621,589.3583354701558,3008.2231220496706,1297.405282211943,left
3030.4444482277604,653.9293507225582,585.5253261675207,2995.803806203441,1385.4193864276838,left
2993.7349027630694,649.0364466239807,583.0953651645297,2986.8585084943265,1491.365235498618,left
2960.9254533117105,644.3122523811869,582.0696969671359,2981.4247987700383,1620.417008686551,left
2931.8967108967604,639.744713302736,582.4444518411035,2979.506350336805,1779.2891741977326,left
2766.542649946819,640.3050172858071,579.3006231742858,2837.5860087311876,1962.189906395058,left
2744.8566031662444,635.9756562825346,582.5225352334312,2841.696473626709,2216.5791713990207,left
2726.5323419218425,631.7701523856729,587.1983961568772,2849.3885497590427,2553.4074979018756,left
2711.5218275892134,627.6739091040773,593.4068956229164,2860.7952024133274,2755.5413135743966,left
2699.8207470249013,623.6648488993026,601.1513470434649,2876.07435265578,2718.494613474987,left
2691.4127124638526,619.7378923606858,610.5081956277713,2895.368248773095,2685.23599817119,left
2406.3388021372793,567.2661504785053,673.3355165096712,2614.770641447175,2378.831989986209,right
2373.070699251453,564.8254351280656,668.216861679708,2552.91002634754,2367.6190844120897,right
2342.9173362205584,563.7624455806665,663.29001773851,2495.841893371648,2359.137580229874,right
2315.770394729012,564.0943489324385,658.5678624504719,2443.228932006595,2353.3624767795463,right
2291.5413142816515,565.8053220115396,654.0072412727831,2394.7944366747156,2350.3800763233216,right
2270.1444834669373,568.9509650681191,649.5777456197068,2350.2305522007605,2350.2310701573238,right
2251.5291379409614,573.5119295414672,645.2759928005663,2309.3466928226335,2185.5575303776036,right
2115.655278115081,588.2337277527128,632.6991697467654,2149.9846841835797,1932.6034817030202,left
2091.785429869475,584.2364209164537,634.7125757575302,2145.4828316012618,2149.6521911296886,left
2070.5098837190353,580.2845649804887,638.2321275018122,2143.5416527893253,2143.561900182412,left
2051.7704536589636,576.3730242429973,643.289145423134,2144.20097855526,2104.467495170513,left
2035.5275883167656,572.4964628850786,649.9228186684063,2147.569156382356,2068.581942434587,left
2021.7501119969259,568.6632994698851,658.2073959855429,2153.7120288274746,2035.7534815135164,left
2010.4396897327058,564.8365089529943,668.2066544333586,2162.8145164901944,2005.8331250697065,left
1361.5785453793114,708.9859376513608,798.2487878511284,1479.5270621183488,1346.0239273298273,left
1350.8726474879452,700.4514604686766,813.54376796822,1482.9605780863167,1323.1482689054712,left
1341.7852793329648,692.3737177694475,830.9725733786174,1488.578160806057,1302.1310693345083,left
1334.3907930694625,684.8289363011089,850.7110392091454,1496.4229072962557,1282.902930637623,left
1328.718609448007,677.7900270016337,872.9625535460888,1506.7999664988483,1265.4192408271722,left
1324.770767218536,671.1456389864474,897.9060489073693,1519.7176847645128,1249.6430007981614,left
1322.655042119526,664.8748290398784,925.8378074085974,1535.5213304402218,1235.557181472208,left
1322.4297528279235,658.8087061922336,956.8634700653151,1554.5354277904041,1223.135188700435,left
1324.114447309888,653.1532849976348,991.3666157745108,1576.8494224332164,1212.3635618439628,left
1327.8615029996388,647.6760399883867,1029.7084536037944,1603.0805470836967,1203.2816844154822,left
1333.8017695651988,642.4941580640603,1072.274225660048,1633.5544916151023,1195.860265273307,left
1342.0806592771596,637.4115782687097,1119.5363043428213,1668.8956207266776,1190.1672910890259,left
1352.8566461692917,632.5896217633418,1172.2018608799228,1709.6175216317774,1186.206912390423,left
1206.3584223969272,654.3574773257697,1356.7690203546763,1550.875391284093,1045.4117062896348,left
1218.500242919214,649.5384113270895,1292.1129712939414,1595.4630965067408,1043.119134294022,left
1233.496584999901,644.9035733464943,1233.4715324277063,1647.4208198752492,1042.5632090690938,left
1251.4898001095273,640.4003401234322,1180.1780273473955,1707.6130206665027,1043.8114590247824,left
1272.8944451715297,636.0214911814643,1131.7271000148062,1777.7719141395844,1046.887744507574,left
1298.0137350111295,631.7371138345428,1087.6966873947447,1859.875569786363,1051.962441982914,left
1327.6797374934163,627.5880537633994,1047.526162872131,1956.8567895137382,1059.233265610967,left
1362.028011096136,623.550843889137,1010.9650063538038,2071.569009562889,1068.7510825106183,left
1402.0326837405614,619.5867134020227,977.6263227074878,2209.2228382727913,1080.8566628548524,left
1448.5694968929588,615.7057800756079,947.2986195608133,2375.83587857615,1095.6198259584507,left
1502.467163259939,611.8882770921233,919.7799210229575,2580.670673113545,1113.293322548217,left
1425.6751552075475,598.1227276704094,814.7898700756239,2583.9642987140064,1032.9488343014118,left
1490.9777162029147,593.3882250893437,793.2745430196843,2880.3791439242946,1054.2958587831342,left
1567.9013746128376,588.6909046190599,773.9624018729295,3227.5883938599973,1079.3155100947838,left
1659.1164857308722,584.2737369802976,756.5926684684857,3278.7456340305416,1108.6232300273352,left
1768.1950493884551,579.9983017263913,741.1694782832477,3336.815077403128,1142.7975187339296,left
1899.8260646111405,575.8007845739487,727.578666752965,3402.445487332194,1182.6016058361204,left
2060.687775147504,571.7784456150864,715.7081927007912,3476.233541394979,1228.833620200896,left
2261.0273271416872,567.7689390060403,705.5218865507511,3559.455433292638,1282.8210681801283,left
2514.4763204128844,563.9091174175969,696.9560713407166,3652.811863786831,1345.6958449764575,left
2685.159917969,602.5135152699759,651.1772506322204,3560.542465504029,1339.8962968720011,left
2929.1530551500427,598.1476791425191,645.8252428469573,3671.265278307014,1421.692773149709,left
2978.9930381440954,593.8631607583063,641.961537769687,3796.3934007249927,1519.1469719686688,left
3035.4802995292393,589.6874548008836,639.5682295445904,3937.6919051795894,1635.9684267278442,left
3099.4257982944187,585.6067256531705,638.6499358057649,4098.005927652572,1777.8179751844873,left
3171.6170744761093,581.5823713730974,639.1919195338273,4280.548166549416,1952.5724461805116,left
1832.7908302902792,654.6603471175879,591.1896843387789,2529.4911980087513,1518.1308984199632,left
1875.6717715550506,646.272023847939,594.4585880481911,2652.6600318404367,1531.4722810465719,left
1924.756180836324,638.6800602355092,599.2290929903037,2796.0515520005583,1547.8651489075125,left
1980.8573940238014,631.6308943707547,605.5275250911343,2964.4208968355924,1567.5385575298928,left
2045.046647605109,625.10453288126,613.4018021065316,3164.0886202841293,1590.821783996451,left
2118.4485089316313,618.9740340978537,622.9070915566746,3403.3841415773895,1617.9003627256977,left
2202.8079439029043,613.2227866970767,634.1395198497479,3520.7977631833373,1649.4103690207191,left
2299.835096132691,607.735206825447,647.1394915289205,3559.3054366996553,1685.4889173918943,left
2412.0205501743994,602.5935360028996,662.1025216060342,3603.848727776356,1727.033720031576,left
2542.4426149690776,597.6852642424673,679.1353998918283,3925.770294936714,1774.417666178731,left
2175.0367567454355,888.5006478808332,880.2975234332248,3389.052109501982,1475.6991267367791,left
2316.4900699018526,876.6205976470721,905.3883636715688,4008.882686040176,1522.9748085600695,left
2485.5315199756524,865.5272440216733,933.423496443109,4945.730590330599,1577.393246399943,left
2689.9182393393817,855.1904658922122,964.6110489330156,5357.501900277253,1640.0618760473005,left
2832.248516770048,845.5759715680249,969.4195495370917,5492.963987084613,1712.2500126992861,left
2863.058354703184,836.6455073162717,958.7714933984898,5644.2089278664125,1795.8694671903531,left
2899.014082541226,828.1777485494974,950.0700859537615,5813.289171461011,1892.9113256105404,left
2400.414983769257,952.2913065186247,821.6147355535188,5330.921530609425,1747.669079851918,left
2797.598254959102,943.0165960440519,816.7917705848863,5516.427768188782,1862.9107494602772,left
3392.441885690064,934.4576420235251,813.6644975832451,5725.10411024349,2000.2034460019834,left
4334.838421604076,926.4428133377997,812.2145151155541,5960.6557251356135,2158.7991765906504,left
4122.676884724431,967.724229335211,765.2088034308281,5506.132228770903,1719.2619627481054,left
4229.7066778676935,960.4183987850757,766.9580507386145,3140.7952895191393,1732.1266790725526,left
4349.671257879064,953.6897156119308,770.3829139791219,2700.7648829224718,1748.1137100398641,left
